dataset,condition,level,seed,n_images,label_f1_mean,relation_f1_mean,reference_violations_total,reference_violations_mean,reference_compliance_mean_pct,label_changes_total,relation_changes_total,fallback_count
COCO,baseline,0.0,42,3,0.6452991452991452,0.0,0,0.0,100.0,0,0,0
COCO,erroneous,0.05,42,3,0.6452991452991452,0.0,0,0.0,100.0,0,30,0
COCO,erroneous,0.05,123,3,0.6452991452991452,0.0,0,0.0,100.0,0,0,0
COCO,erroneous,0.05,2025,3,0.6452991452991452,0.0,0,0.0,100.0,0,0,0
COCO,erroneous,0.1,42,3,0.6452991452991452,0.0,0,0.0,100.0,0,0,0
COCO,erroneous,0.1,123,3,0.6452991452991452,0.0,0,0.0,100.0,0,4,0
COCO,erroneous,0.1,2025,3,0.6452991452991452,0.0,0,0.0,100.0,0,4,0
COCO,missing,0.1,42,3,0.6452991452991452,0.0,0,0.0,100.0,0,0,0
COCO,missing,0.1,123,3,0.6452991452991452,0.0,0,0.0,100.0,0,0,0
COCO,missing,0.1,2025,3,0.6452991452991452,0.0,0,0.0,100.0,0,0,0
COCO,missing,0.2,42,3,0.6452991452991452,0.0,0,0.0,100.0,0,0,0
COCO,missing,0.2,123,3,0.6452991452991452,0.0,0,0.0,100.0,0,0,0
COCO,missing,0.2,2025,3,0.6452991452991452,0.0,0,0.0,100.0,0,0,0
COCO,missing,0.3,42,3,0.6452991452991452,0.0,0,0.0,100.0,0,0,0
COCO,missing,0.3,123,3,0.6452991452991452,0.0,0,0.0,100.0,0,0,0
COCO,missing,0.3,2025,3,0.6452991452991452,0.0,0,0.0,100.0,0,0,0
Open Images,baseline,0.0,42,3,0.0,0.0,0,0.0,100.0,0,0,0
Open Images,erroneous,0.05,42,3,0.0,0.0,0,0.0,100.0,0,36,0
Open Images,erroneous,0.05,123,3,0.0,0.0,0,0.0,100.0,0,0,0
Open Images,erroneous,0.05,2025,3,0.0,0.0,0,0.0,100.0,0,0,0
Open Images,erroneous,0.1,42,3,0.0,0.0,0,0.0,100.0,0,0,0
Open Images,erroneous,0.1,123,3,0.0,0.0,0,0.0,100.0,0,0,0
Open Images,erroneous,0.1,2025,3,0.0,0.0,0,0.0,100.0,0,0,0
Open Images,missing,0.1,42,3,0.0,0.0,0,0.0,100.0,0,0,0
Open Images,missing,0.1,123,3,0.0,0.0,0,0.0,100.0,0,0,0
Open Images,missing,0.1,2025,3,0.0,0.0,0,0.0,100.0,0,0,0
Open Images,missing,0.2,42,3,0.0,0.0,0,0.0,100.0,0,0,0
Open Images,missing,0.2,123,3,0.0,0.0,0,0.0,100.0,0,0,0
Open Images,missing,0.2,2025,3,0.0,0.0,0,0.0,100.0,0,0,0
Open Images,missing,0.3,42,3,0.0,0.0,0,0.0,100.0,0,0,0
Open Images,missing,0.3,123,3,0.0,0.0,0,0.0,100.0,0,0,0
Open Images,missing,0.3,2025,3,0.0,0.0,0,0.0,100.0,0,0,0
Visual Genome,baseline,0.0,42,3,0.37777777777777777,0.0,0,0.0,100.0,0,0,0
Visual Genome,erroneous,0.05,42,3,0.37777777777777777,0.0,0,0.0,100.0,0,132,0
Visual Genome,erroneous,0.05,123,3,0.37777777777777777,0.0,0,0.0,100.0,0,0,0
Visual Genome,erroneous,0.05,2025,3,0.37777777777777777,0.0,0,0.0,100.0,0,0,0
Visual Genome,erroneous,0.1,42,3,0.37777777777777777,0.0,0,0.0,100.0,0,0,0
Visual Genome,erroneous,0.1,123,3,0.37777777777777777,0.0,0,0.0,100.0,0,16,0
Visual Genome,erroneous,0.1,2025,3,0.37777777777777777,0.0,0,0.0,100.0,0,16,0
Visual Genome,missing,0.1,42,3,0.37777777777777777,0.0,0,0.0,100.0,0,0,0
Visual Genome,missing,0.1,123,3,0.37777777777777777,0.0,0,0.0,100.0,0,0,0
Visual Genome,missing,0.1,2025,3,0.37777777777777777,0.0,0,0.0,100.0,0,0,0
Visual Genome,missing,0.2,42,3,0.37777777777777777,0.0,0,0.0,100.0,0,0,0
Visual Genome,missing,0.2,123,3,0.37777777777777777,0.0,0,0.0,100.0,0,0,0
Visual Genome,missing,0.2,2025,3,0.37777777777777777,0.0,0,0.0,100.0,0,0,0
Visual Genome,missing,0.3,42,3,0.37777777777777777,0.0,0,0.0,100.0,0,0,0
Visual Genome,missing,0.3,123,3,0.37777777777777777,0.0,0,0.0,100.0,0,0,0
Visual Genome,missing,0.3,2025,3,0.37777777777777777,0.0,0,0.0,100.0,0,0,0
