dataset,image_id,condition,level,seed,raw_gt_boxes,eligible_gt_boxes,raw_gt_relations,eligible_gt_relations,n_objects,n_relation_candidates,n_label_variables,n_relation_variables,n_binary_variables,n_constraints,n_domain_constraints,n_range_constraints,relation_budget,removed_type_mappings,removed_relation_constraints,corrupted_type_mappings,corrupted_relation_constraints,candidate_build_time_s,variant_solve_time_s,solver_time_s,fallback,solver_status,label_tp,label_fp,label_fn,label_precision,label_recall,label_f1,label_miou,rel_tp,rel_fp,rel_fn,rel_precision,rel_recall,rel_f1,active_violations,active_applicable_checks,reference_violations,reference_applicable_checks,reference_constraint_compliance_pct,selected_label_changes_vs_baseline,selected_relation_symmetric_diff_vs_baseline
COCO,397133,baseline,0.0,42,19,19,0,0,9,140,18,140,158,82,0,0,18,0,0,0,0,0.015200445000118634,0.0518517239997891,0.0503461140001491,0,Optimal,7,2,12,0.7777777777777778,0.3684210526315789,0.5,0.8169959153301155,0,0,0,0.0,0.0,0.0,0,28,0,28,100.0,0,0
COCO,397133,missing,0.1,42,19,19,0,0,9,140,18,140,158,82,0,0,18,3,4,0,0,0.015200445000118634,0.012380550000216317,0.01100770500033832,0,Optimal,7,2,12,0.7777777777777778,0.3684210526315789,0.5,0.8169959153301155,0,0,0,0.0,0.0,0.0,0,28,0,28,100.0,0,0
COCO,397133,missing,0.1,123,19,19,0,0,9,140,18,140,158,82,0,0,18,3,4,0,0,0.015200445000118634,0.013455212999815558,0.01074039500008439,0,Optimal,7,2,12,0.7777777777777778,0.3684210526315789,0.5,0.8169959153301155,0,0,0,0.0,0.0,0.0,0,28,0,28,100.0,0,0
COCO,397133,missing,0.1,2025,19,19,0,0,9,140,18,140,158,82,0,0,18,3,4,0,0,0.015200445000118634,0.01192492600011974,0.010607953000089765,0,Optimal,7,2,12,0.7777777777777778,0.3684210526315789,0.5,0.8169959153301155,0,0,0,0.0,0.0,0.0,0,28,0,28,100.0,0,0
COCO,397133,missing,0.2,42,19,19,0,0,9,140,18,140,158,82,0,0,18,6,8,0,0,0.015200445000118634,0.011821449999843026,0.0104803039998842,0,Optimal,7,2,12,0.7777777777777778,0.3684210526315789,0.5,0.8169959153301155,0,0,0,0.0,0.0,0.0,0,28,0,28,100.0,0,0
COCO,397133,missing,0.2,123,19,19,0,0,9,140,18,140,158,82,0,0,18,6,8,0,0,0.015200445000118634,0.012297200000375597,0.010797455000101763,0,Optimal,7,2,12,0.7777777777777778,0.3684210526315789,0.5,0.8169959153301155,0,0,0,0.0,0.0,0.0,0,28,0,28,100.0,0,0
COCO,397133,missing,0.2,2025,19,19,0,0,9,140,18,140,158,82,0,0,18,6,8,0,0,0.015200445000118634,0.012422094000157813,0.011006933999851753,0,Optimal,7,2,12,0.7777777777777778,0.3684210526315789,0.5,0.8169959153301155,0,0,0,0.0,0.0,0.0,0,28,0,28,100.0,0,0
COCO,397133,missing,0.3,42,19,19,0,0,9,140,18,140,158,82,0,0,18,9,11,0,0,0.015200445000118634,0.012616746999810857,0.011195744999895396,0,Optimal,7,2,12,0.7777777777777778,0.3684210526315789,0.5,0.8169959153301155,0,0,0,0.0,0.0,0.0,0,28,0,28,100.0,0,0
COCO,397133,missing,0.3,123,19,19,0,0,9,140,18,140,158,82,0,0,18,9,11,0,0,0.015200445000118634,0.011633877999884135,0.010279769000135275,0,Optimal,7,2,12,0.7777777777777778,0.3684210526315789,0.5,0.8169959153301155,0,0,0,0.0,0.0,0.0,0,28,0,28,100.0,0,0
COCO,397133,missing,0.3,2025,19,19,0,0,9,140,18,140,158,82,0,0,18,9,11,0,0,0.015200445000118634,0.01159151500041844,0.010242715000003955,0,Optimal,7,2,12,0.7777777777777778,0.3684210526315789,0.5,0.8169959153301155,0,0,0,0.0,0.0,0.0,0,28,0,28,100.0,0,0
COCO,397133,erroneous,0.05,42,19,19,0,0,9,140,18,140,158,150,34,34,18,0,0,2,2,0.015200445000118634,0.01724564799997097,0.015885094999703142,0,Optimal,7,2,12,0.7777777777777778,0.3684210526315789,0.5,0.8169959153301155,0,0,0,0.0,0.0,0.0,0,28,0,28,100.0,0,16
COCO,397133,erroneous,0.05,123,19,19,0,0,9,140,18,140,158,82,0,0,18,0,0,2,2,0.015200445000118634,0.01285255499988125,0.011449910000010277,0,Optimal,7,2,12,0.7777777777777778,0.3684210526315789,0.5,0.8169959153301155,0,0,0,0.0,0.0,0.0,0,28,0,28,100.0,0,0
COCO,397133,erroneous,0.05,2025,19,19,0,0,9,140,18,140,158,82,0,0,18,0,0,2,2,0.015200445000118634,0.01216391800016936,0.010783690000153001,0,Optimal,7,2,12,0.7777777777777778,0.3684210526315789,0.5,0.8169959153301155,0,0,0,0.0,0.0,0.0,0,28,0,28,100.0,0,0
COCO,397133,erroneous,0.1,42,19,19,0,0,9,140,18,140,158,82,0,0,18,0,0,3,4,0.015200445000118634,0.01234686399993734,0.01091521400030615,0,Optimal,7,2,12,0.7777777777777778,0.3684210526315789,0.5,0.8169959153301155,0,0,0,0.0,0.0,0.0,0,28,0,28,100.0,0,0
COCO,397133,erroneous,0.1,123,19,19,0,0,9,140,18,140,158,82,0,0,18,0,0,3,4,0.015200445000118634,0.011984632999883615,0.010515060999750858,0,Optimal,7,2,12,0.7777777777777778,0.3684210526315789,0.5,0.8169959153301155,0,0,0,0.0,0.0,0.0,0,28,0,28,100.0,0,0
COCO,397133,erroneous,0.1,2025,19,19,0,0,9,140,18,140,158,82,0,0,18,0,0,3,4,0.015200445000118634,0.012346774999969057,0.010936761999801092,0,Optimal,7,2,12,0.7777777777777778,0.3684210526315789,0.5,0.8169959153301155,0,0,0,0.0,0.0,0.0,0,28,0,28,100.0,0,0
COCO,37777,baseline,0.0,42,14,14,0,0,10,206,20,206,226,101,0,0,20,0,0,0,0,0.013137163000010332,0.015700260999892635,0.013755360000232031,0,Optimal,8,2,6,0.8,0.5714285714285714,0.6666666666666666,0.8665902376234738,0,0,0,0.0,0.0,0.0,0,31,0,31,100.0,0,0
COCO,37777,missing,0.1,42,14,14,0,0,10,206,20,206,226,101,0,0,20,3,4,0,0,0.013137163000010332,0.015228892999857635,0.013105744999847957,0,Optimal,8,2,6,0.8,0.5714285714285714,0.6666666666666666,0.8665902376234738,0,0,0,0.0,0.0,0.0,0,31,0,31,100.0,0,0
COCO,37777,missing,0.1,123,14,14,0,0,10,206,20,206,226,101,0,0,20,3,4,0,0,0.013137163000010332,0.016025356000227475,0.01400243899979614,0,Optimal,8,2,6,0.8,0.5714285714285714,0.6666666666666666,0.8665902376234738,0,0,0,0.0,0.0,0.0,0,31,0,31,100.0,0,0
COCO,37777,missing,0.1,2025,14,14,0,0,10,206,20,206,226,101,0,0,20,3,4,0,0,0.013137163000010332,0.015666601000248193,0.013522377000299457,0,Optimal,8,2,6,0.8,0.5714285714285714,0.6666666666666666,0.8665902376234738,0,0,0,0.0,0.0,0.0,0,31,0,31,100.0,0,0
COCO,37777,missing,0.2,42,14,14,0,0,10,206,20,206,226,101,0,0,20,6,8,0,0,0.013137163000010332,0.015289993999886065,0.013337587000023632,0,Optimal,8,2,6,0.8,0.5714285714285714,0.6666666666666666,0.8665902376234738,0,0,0,0.0,0.0,0.0,0,31,0,31,100.0,0,0
COCO,37777,missing,0.2,123,14,14,0,0,10,206,20,206,226,101,0,0,20,6,8,0,0,0.013137163000010332,0.015049301000090054,0.012964314999862836,0,Optimal,8,2,6,0.8,0.5714285714285714,0.6666666666666666,0.8665902376234738,0,0,0,0.0,0.0,0.0,0,31,0,31,100.0,0,0
COCO,37777,missing,0.2,2025,14,14,0,0,10,206,20,206,226,101,0,0,20,6,8,0,0,0.013137163000010332,0.0147461880001174,0.012663896000049135,0,Optimal,8,2,6,0.8,0.5714285714285714,0.6666666666666666,0.8665902376234738,0,0,0,0.0,0.0,0.0,0,31,0,31,100.0,0,0
COCO,37777,missing,0.3,42,14,14,0,0,10,206,20,206,226,101,0,0,20,9,11,0,0,0.013137163000010332,0.01466732700009743,0.012859563999882084,0,Optimal,8,2,6,0.8,0.5714285714285714,0.6666666666666666,0.8665902376234738,0,0,0,0.0,0.0,0.0,0,31,0,31,100.0,0,0
COCO,37777,missing,0.3,123,14,14,0,0,10,206,20,206,226,101,0,0,20,9,11,0,0,0.013137163000010332,0.015827567000087583,0.013699184999950376,0,Optimal,8,2,6,0.8,0.5714285714285714,0.6666666666666666,0.8665902376234738,0,0,0,0.0,0.0,0.0,0,31,0,31,100.0,0,0
COCO,37777,missing,0.3,2025,14,14,0,0,10,206,20,206,226,101,0,0,20,9,11,0,0,0.013137163000010332,0.01631246499982808,0.014162478999878658,0,Optimal,8,2,6,0.8,0.5714285714285714,0.6666666666666666,0.8665902376234738,0,0,0,0.0,0.0,0.0,0,31,0,31,100.0,0,0
COCO,37777,erroneous,0.05,42,14,14,0,0,10,206,20,206,226,173,36,36,20,0,0,2,2,0.013137163000010332,0.021823068000230705,0.0195767820000583,0,Optimal,8,2,6,0.8,0.5714285714285714,0.6666666666666666,0.8665902376234738,0,0,0,0.0,0.0,0.0,0,31,0,31,100.0,0,0
COCO,37777,erroneous,0.05,123,14,14,0,0,10,206,20,206,226,101,0,0,20,0,0,2,2,0.013137163000010332,0.016489935999743466,0.01396889400029977,0,Optimal,8,2,6,0.8,0.5714285714285714,0.6666666666666666,0.8665902376234738,0,0,0,0.0,0.0,0.0,0,31,0,31,100.0,0,0
COCO,37777,erroneous,0.05,2025,14,14,0,0,10,206,20,206,226,101,0,0,20,0,0,2,2,0.013137163000010332,0.015882109999893146,0.01369499399970664,0,Optimal,8,2,6,0.8,0.5714285714285714,0.6666666666666666,0.8665902376234738,0,0,0,0.0,0.0,0.0,0,31,0,31,100.0,0,0
COCO,37777,erroneous,0.1,42,14,14,0,0,10,206,20,206,226,101,0,0,20,0,0,3,4,0.013137163000010332,0.015361555000254157,0.013320705999831262,0,Optimal,8,2,6,0.8,0.5714285714285714,0.6666666666666666,0.8665902376234738,0,0,0,0.0,0.0,0.0,0,31,0,31,100.0,0,0
COCO,37777,erroneous,0.1,123,14,14,0,0,10,206,20,206,226,105,2,2,20,0,0,3,4,0.013137163000010332,0.015979257999788388,0.013722490999953152,0,Optimal,8,2,6,0.8,0.5714285714285714,0.6666666666666666,0.8665902376234738,0,0,0,0.0,0.0,0.0,0,31,0,31,100.0,0,4
COCO,37777,erroneous,0.1,2025,14,14,0,0,10,206,20,206,226,105,2,2,20,0,0,3,4,0.013137163000010332,0.016549632000078418,0.014541354999892064,0,Optimal,8,2,6,0.8,0.5714285714285714,0.6666666666666666,0.8665902376234738,0,0,0,0.0,0.0,0.0,0,31,0,31,100.0,0,4
COCO,252219,baseline,0.0,42,7,7,0,0,6,49,12,49,61,37,0,0,12,0,0,0,0,0.013562142999944626,0.009735800999806088,0.009045910999702755,0,Optimal,5,1,2,0.8333333333333334,0.7142857142857143,0.7692307692307692,0.9439183427943287,0,0,0,0.0,0.0,0.0,0,19,0,19,100.0,0,0
COCO,252219,missing,0.1,42,7,7,0,0,6,49,12,49,61,37,0,0,12,3,4,0,0,0.013562142999944626,0.008785774999978457,0.007981368999935512,0,Optimal,5,1,2,0.8333333333333334,0.7142857142857143,0.7692307692307692,0.9439183427943287,0,0,0,0.0,0.0,0.0,0,19,0,19,100.0,0,0
COCO,252219,missing,0.1,123,7,7,0,0,6,49,12,49,61,37,0,0,12,3,4,0,0,0.013562142999944626,0.008483589999741525,0.007645114999832003,0,Optimal,5,1,2,0.8333333333333334,0.7142857142857143,0.7692307692307692,0.9439183427943287,0,0,0,0.0,0.0,0.0,0,19,0,19,100.0,0,0
COCO,252219,missing,0.1,2025,7,7,0,0,6,49,12,49,61,37,0,0,12,3,4,0,0,0.013562142999944626,0.00805652100007137,0.007444127999860939,0,Optimal,5,1,2,0.8333333333333334,0.7142857142857143,0.7692307692307692,0.9439183427943287,0,0,0,0.0,0.0,0.0,0,19,0,19,100.0,0,0
COCO,252219,missing,0.2,42,7,7,0,0,6,49,12,49,61,37,0,0,12,6,8,0,0,0.013562142999944626,0.008100747999833402,0.007414073999825632,0,Optimal,5,1,2,0.8333333333333334,0.7142857142857143,0.7692307692307692,0.9439183427943287,0,0,0,0.0,0.0,0.0,0,19,0,19,100.0,0,0
COCO,252219,missing,0.2,123,7,7,0,0,6,49,12,49,61,37,0,0,12,6,8,0,0,0.013562142999944626,0.008072135000020353,0.00738663699985409,0,Optimal,5,1,2,0.8333333333333334,0.7142857142857143,0.7692307692307692,0.9439183427943287,0,0,0,0.0,0.0,0.0,0,19,0,19,100.0,0,0
COCO,252219,missing,0.2,2025,7,7,0,0,6,49,12,49,61,37,0,0,12,6,8,0,0,0.013562142999944626,0.009733890000006795,0.008988766999664222,0,Optimal,5,1,2,0.8333333333333334,0.7142857142857143,0.7692307692307692,0.9439183427943287,0,0,0,0.0,0.0,0.0,0,19,0,19,100.0,0,0
COCO,252219,missing,0.3,42,7,7,0,0,6,49,12,49,61,37,0,0,12,9,11,0,0,0.013562142999944626,0.008694570999978168,0.007942137000100047,0,Optimal,5,1,2,0.8333333333333334,0.7142857142857143,0.7692307692307692,0.9439183427943287,0,0,0,0.0,0.0,0.0,0,19,0,19,100.0,0,0
COCO,252219,missing,0.3,123,7,7,0,0,6,49,12,49,61,37,0,0,12,9,11,0,0,0.013562142999944626,0.008031461000427953,0.0073590020001574885,0,Optimal,5,1,2,0.8333333333333334,0.7142857142857143,0.7692307692307692,0.9439183427943287,0,0,0,0.0,0.0,0.0,0,19,0,19,100.0,0,0
COCO,252219,missing,0.3,2025,7,7,0,0,6,49,12,49,61,37,0,0,12,9,11,0,0,0.013562142999944626,0.00798270199993567,0.007190448000073957,0,Optimal,5,1,2,0.8333333333333334,0.7142857142857143,0.7692307692307692,0.9439183427943287,0,0,0,0.0,0.0,0.0,0,19,0,19,100.0,0,0
COCO,252219,erroneous,0.05,42,7,7,0,0,6,49,12,49,61,55,9,9,12,0,0,2,2,0.013562142999944626,0.009560673000123643,0.008781877999808785,0,Optimal,5,1,2,0.8333333333333334,0.7142857142857143,0.7692307692307692,0.9439183427943287,0,0,0,0.0,0.0,0.0,0,19,0,19,100.0,0,14
COCO,252219,erroneous,0.05,123,7,7,0,0,6,49,12,49,61,37,0,0,12,0,0,2,2,0.013562142999944626,0.008392318000005616,0.0077083250002942805,0,Optimal,5,1,2,0.8333333333333334,0.7142857142857143,0.7692307692307692,0.9439183427943287,0,0,0,0.0,0.0,0.0,0,19,0,19,100.0,0,0
COCO,252219,erroneous,0.05,2025,7,7,0,0,6,49,12,49,61,37,0,0,12,0,0,2,2,0.013562142999944626,0.008100826000372763,0.007447453000168025,0,Optimal,5,1,2,0.8333333333333334,0.7142857142857143,0.7692307692307692,0.9439183427943287,0,0,0,0.0,0.0,0.0,0,19,0,19,100.0,0,0
COCO,252219,erroneous,0.1,42,7,7,0,0,6,49,12,49,61,37,0,0,12,0,0,3,4,0.013562142999944626,0.00814305499989132,0.0074876650000987865,0,Optimal,5,1,2,0.8333333333333334,0.7142857142857143,0.7692307692307692,0.9439183427943287,0,0,0,0.0,0.0,0.0,0,19,0,19,100.0,0,0
COCO,252219,erroneous,0.1,123,7,7,0,0,6,49,12,49,61,37,0,0,12,0,0,3,4,0.013562142999944626,0.008052349000081449,0.007366183000158344,0,Optimal,5,1,2,0.8333333333333334,0.7142857142857143,0.7692307692307692,0.9439183427943287,0,0,0,0.0,0.0,0.0,0,19,0,19,100.0,0,0
COCO,252219,erroneous,0.1,2025,7,7,0,0,6,49,12,49,61,37,0,0,12,0,0,3,4,0.013562142999944626,0.008059296999817889,0.007361919999766542,0,Optimal,5,1,2,0.8333333333333334,0.7142857142857143,0.7692307692307692,0.9439183427943287,0,0,0,0.0,0.0,0.0,0,19,0,19,100.0,0,0
Visual Genome,83,baseline,0.0,42,25,1,16,0,28,1429,56,1429,1485,785,0,0,56,0,0,0,0,0.018712481999955344,0.07602304000010918,0.0641201500002353,0,Optimal,0,28,1,0.0,0.0,0.0,0.0,0,0,0,0.0,0.0,0.0,0,85,0,85,100.0,0,0
Visual Genome,83,missing,0.1,42,25,1,16,0,28,1429,56,1429,1485,785,0,0,56,3,4,0,0,0.018712481999955344,0.07403857000008429,0.061842694000006304,0,Optimal,0,28,1,0.0,0.0,0.0,0.0,0,0,0,0.0,0.0,0.0,0,85,0,85,100.0,0,0
Visual Genome,83,missing,0.1,123,25,1,16,0,28,1429,56,1429,1485,785,0,0,56,3,4,0,0,0.018712481999955344,0.07379111499994906,0.062235331000010774,0,Optimal,0,28,1,0.0,0.0,0.0,0.0,0,0,0,0.0,0.0,0.0,0,85,0,85,100.0,0,0
Visual Genome,83,missing,0.1,2025,25,1,16,0,28,1429,56,1429,1485,785,0,0,56,3,4,0,0,0.018712481999955344,0.07485711100025583,0.06307583000034356,0,Optimal,0,28,1,0.0,0.0,0.0,0.0,0,0,0,0.0,0.0,0.0,0,85,0,85,100.0,0,0
Visual Genome,83,missing,0.2,42,25,1,16,0,28,1429,56,1429,1485,785,0,0,56,6,8,0,0,0.018712481999955344,0.07174472299993795,0.060220499000024574,0,Optimal,0,28,1,0.0,0.0,0.0,0.0,0,0,0,0.0,0.0,0.0,0,85,0,85,100.0,0,0
Visual Genome,83,missing,0.2,123,25,1,16,0,28,1429,56,1429,1485,785,0,0,56,6,8,0,0,0.018712481999955344,0.07020997099971282,0.05907678499988833,0,Optimal,0,28,1,0.0,0.0,0.0,0.0,0,0,0,0.0,0.0,0.0,0,85,0,85,100.0,0,0
Visual Genome,83,missing,0.2,2025,25,1,16,0,28,1429,56,1429,1485,785,0,0,56,6,8,0,0,0.018712481999955344,0.07199776500010557,0.06021808000014062,0,Optimal,0,28,1,0.0,0.0,0.0,0.0,0,0,0,0.0,0.0,0.0,0,85,0,85,100.0,0,0
Visual Genome,83,missing,0.3,42,25,1,16,0,28,1429,56,1429,1485,785,0,0,56,9,11,0,0,0.018712481999955344,0.0773489419998441,0.0657543759998589,0,Optimal,0,28,1,0.0,0.0,0.0,0.0,0,0,0,0.0,0.0,0.0,0,85,0,85,100.0,0,0
Visual Genome,83,missing,0.3,123,25,1,16,0,28,1429,56,1429,1485,785,0,0,56,9,11,0,0,0.018712481999955344,0.07997591100001955,0.066821377999986,0,Optimal,0,28,1,0.0,0.0,0.0,0.0,0,0,0,0.0,0.0,0.0,0,85,0,85,100.0,0,0
Visual Genome,83,missing,0.3,2025,25,1,16,0,28,1429,56,1429,1485,785,0,0,56,9,11,0,0,0.018712481999955344,0.07413637999979983,0.061252538000189816,0,Optimal,0,28,1,0.0,0.0,0.0,0.0,0,0,0,0.0,0.0,0.0,0,85,0,85,100.0,0,0
Visual Genome,83,erroneous,0.05,42,25,1,16,0,28,1429,56,1429,1485,1463,339,339,56,0,0,2,2,0.018712481999955344,0.11265685000034864,0.1014631980001468,0,Optimal,0,28,1,0.0,0.0,0.0,0.0,0,0,0,0.0,0.0,0.0,0,85,0,85,100.0,0,90
Visual Genome,83,erroneous,0.05,123,25,1,16,0,28,1429,56,1429,1485,785,0,0,56,0,0,2,2,0.018712481999955344,0.07378878400004396,0.062382913999954326,0,Optimal,0,28,1,0.0,0.0,0.0,0.0,0,0,0,0.0,0.0,0.0,0,85,0,85,100.0,0,0
Visual Genome,83,erroneous,0.05,2025,25,1,16,0,28,1429,56,1429,1485,785,0,0,56,0,0,2,2,0.018712481999955344,0.07332691300007355,0.061815049999950133,0,Optimal,0,28,1,0.0,0.0,0.0,0.0,0,0,0,0.0,0.0,0.0,0,85,0,85,100.0,0,0
Visual Genome,83,erroneous,0.1,42,25,1,16,0,28,1429,56,1429,1485,785,0,0,56,0,0,3,4,0.018712481999955344,0.07319210800005749,0.062200467999900866,0,Optimal,0,28,1,0.0,0.0,0.0,0.0,0,0,0,0.0,0.0,0.0,0,85,0,85,100.0,0,0
Visual Genome,83,erroneous,0.1,123,25,1,16,0,28,1429,56,1429,1485,785,0,0,56,0,0,3,4,0.018712481999955344,0.07262596900000062,0.06090951700025471,0,Optimal,0,28,1,0.0,0.0,0.0,0.0,0,0,0,0.0,0.0,0.0,0,85,0,85,100.0,0,0
Visual Genome,83,erroneous,0.1,2025,25,1,16,0,28,1429,56,1429,1485,785,0,0,56,0,0,3,4,0.018712481999955344,0.07629089399961231,0.06391439199978777,0,Optimal,0,28,1,0.0,0.0,0.0,0.0,0,0,0,0.0,0.0,0.0,0,85,0,85,100.0,0,0
Visual Genome,347,baseline,0.0,42,13,1,7,0,14,352,28,352,380,197,0,0,28,0,0,0,0,0.016695221999725618,0.021537454000281286,0.018591800999729458,0,Optimal,1,13,0,0.07142857142857142,1.0,0.13333333333333333,0.6088530700244924,0,0,0,0.0,0.0,0.0,0,43,0,43,100.0,0,0
Visual Genome,347,missing,0.1,42,13,1,7,0,14,352,28,352,380,197,0,0,28,3,4,0,0,0.016695221999725618,0.021370966999711527,0.01837548399998923,0,Optimal,1,13,0,0.07142857142857142,1.0,0.13333333333333333,0.6088530700244924,0,0,0,0.0,0.0,0.0,0,43,0,43,100.0,0,0
Visual Genome,347,missing,0.1,123,13,1,7,0,14,352,28,352,380,197,0,0,28,3,4,0,0,0.016695221999725618,0.020754936000230373,0.017703277000236994,0,Optimal,1,13,0,0.07142857142857142,1.0,0.13333333333333333,0.6088530700244924,0,0,0,0.0,0.0,0.0,0,43,0,43,100.0,0,0
Visual Genome,347,missing,0.1,2025,13,1,7,0,14,352,28,352,380,197,0,0,28,3,4,0,0,0.016695221999725618,0.020584964999670774,0.017633353999826795,0,Optimal,1,13,0,0.07142857142857142,1.0,0.13333333333333333,0.6088530700244924,0,0,0,0.0,0.0,0.0,0,43,0,43,100.0,0,0
Visual Genome,347,missing,0.2,42,13,1,7,0,14,352,28,352,380,197,0,0,28,6,8,0,0,0.016695221999725618,0.02106647599975986,0.01800603100036824,0,Optimal,1,13,0,0.07142857142857142,1.0,0.13333333333333333,0.6088530700244924,0,0,0,0.0,0.0,0.0,0,43,0,43,100.0,0,0
Visual Genome,347,missing,0.2,123,13,1,7,0,14,352,28,352,380,197,0,0,28,6,8,0,0,0.016695221999725618,0.02038454300009107,0.01697486500006562,0,Optimal,1,13,0,0.07142857142857142,1.0,0.13333333333333333,0.6088530700244924,0,0,0,0.0,0.0,0.0,0,43,0,43,100.0,0,0
Visual Genome,347,missing,0.2,2025,13,1,7,0,14,352,28,352,380,197,0,0,28,6,8,0,0,0.016695221999725618,0.022306147000108467,0.018794691000039165,0,Optimal,1,13,0,0.07142857142857142,1.0,0.13333333333333333,0.6088530700244924,0,0,0,0.0,0.0,0.0,0,43,0,43,100.0,0,0
Visual Genome,347,missing,0.3,42,13,1,7,0,14,352,28,352,380,197,0,0,28,9,11,0,0,0.016695221999725618,0.02129567300016788,0.017978812999899674,0,Optimal,1,13,0,0.07142857142857142,1.0,0.13333333333333333,0.6088530700244924,0,0,0,0.0,0.0,0.0,0,43,0,43,100.0,0,0
Visual Genome,347,missing,0.3,123,13,1,7,0,14,352,28,352,380,197,0,0,28,9,11,0,0,0.016695221999725618,0.020523101999970095,0.017422119000002567,0,Optimal,1,13,0,0.07142857142857142,1.0,0.13333333333333333,0.6088530700244924,0,0,0,0.0,0.0,0.0,0,43,0,43,100.0,0,0
Visual Genome,347,missing,0.3,2025,13,1,7,0,14,352,28,352,380,197,0,0,28,9,11,0,0,0.016695221999725618,0.020815952000248217,0.017822286000409804,0,Optimal,1,13,0,0.07142857142857142,1.0,0.13333333333333333,0.6088530700244924,0,0,0,0.0,0.0,0.0,0,43,0,43,100.0,0,0
Visual Genome,347,erroneous,0.05,42,13,1,7,0,14,352,28,352,380,361,82,82,28,0,0,2,2,0.016695221999725618,0.03320644099994752,0.029955279999740014,0,Optimal,1,13,0,0.07142857142857142,1.0,0.13333333333333333,0.6088530700244924,0,0,0,0.0,0.0,0.0,0,43,0,43,100.0,0,42
Visual Genome,347,erroneous,0.05,123,13,1,7,0,14,352,28,352,380,197,0,0,28,0,0,2,2,0.016695221999725618,0.020865512000000308,0.017423356999643147,0,Optimal,1,13,0,0.07142857142857142,1.0,0.13333333333333333,0.6088530700244924,0,0,0,0.0,0.0,0.0,0,43,0,43,100.0,0,0
Visual Genome,347,erroneous,0.05,2025,13,1,7,0,14,352,28,352,380,197,0,0,28,0,0,2,2,0.016695221999725618,0.020696458000202256,0.017337232000045333,0,Optimal,1,13,0,0.07142857142857142,1.0,0.13333333333333333,0.6088530700244924,0,0,0,0.0,0.0,0.0,0,43,0,43,100.0,0,0
Visual Genome,347,erroneous,0.1,42,13,1,7,0,14,352,28,352,380,197,0,0,28,0,0,3,4,0.016695221999725618,0.02098232700018343,0.017471688000114227,0,Optimal,1,13,0,0.07142857142857142,1.0,0.13333333333333333,0.6088530700244924,0,0,0,0.0,0.0,0.0,0,43,0,43,100.0,0,0
Visual Genome,347,erroneous,0.1,123,13,1,7,0,14,352,28,352,380,201,2,2,28,0,0,3,4,0.016695221999725618,0.020879314000012528,0.017566453000199544,0,Optimal,1,13,0,0.07142857142857142,1.0,0.13333333333333333,0.6088530700244924,0,0,0,0.0,0.0,0.0,0,43,0,43,100.0,0,16
Visual Genome,347,erroneous,0.1,2025,13,1,7,0,14,352,28,352,380,201,2,2,28,0,0,3,4,0.016695221999725618,0.022101177999957144,0.01888749399995504,0,Optimal,1,13,0,0.07142857142857142,1.0,0.13333333333333333,0.6088530700244924,0,0,0,0.0,0.0,0.0,0,43,0,43,100.0,0,16
Visual Genome,532,baseline,0.0,42,28,1,49,0,1,0,2,0,2,1,0,0,2,0,0,0,0,0.01291711200019563,0.006356127999879391,0.006244175000119867,0,Optimal,1,0,0,1.0,1.0,1.0,0.8996194252227986,0,0,0,0.0,0.0,0.0,0,2,0,2,100.0,0,0
Visual Genome,532,missing,0.1,42,28,1,49,0,1,0,2,0,2,1,0,0,2,3,4,0,0,0.01291711200019563,0.00521067799991215,0.005059860000073968,0,Optimal,1,0,0,1.0,1.0,1.0,0.8996194252227986,0,0,0,0.0,0.0,0.0,0,2,0,2,100.0,0,0
Visual Genome,532,missing,0.1,123,28,1,49,0,1,0,2,0,2,1,0,0,2,3,4,0,0,0.01291711200019563,0.005139739000242116,0.005017038000005414,0,Optimal,1,0,0,1.0,1.0,1.0,0.8996194252227986,0,0,0,0.0,0.0,0.0,0,2,0,2,100.0,0,0
Visual Genome,532,missing,0.1,2025,28,1,49,0,1,0,2,0,2,1,0,0,2,3,4,0,0,0.01291711200019563,0.004994896999960474,0.0048742280000624305,0,Optimal,1,0,0,1.0,1.0,1.0,0.8996194252227986,0,0,0,0.0,0.0,0.0,0,2,0,2,100.0,0,0
Visual Genome,532,missing,0.2,42,28,1,49,0,1,0,2,0,2,1,0,0,2,6,8,0,0,0.01291711200019563,0.005635051999888674,0.005489753999881941,0,Optimal,1,0,0,1.0,1.0,1.0,0.8996194252227986,0,0,0,0.0,0.0,0.0,0,2,0,2,100.0,0,0
Visual Genome,532,missing,0.2,123,28,1,49,0,1,0,2,0,2,1,0,0,2,6,8,0,0,0.01291711200019563,0.005000460000246676,0.004875470999650133,0,Optimal,1,0,0,1.0,1.0,1.0,0.8996194252227986,0,0,0,0.0,0.0,0.0,0,2,0,2,100.0,0,0
Visual Genome,532,missing,0.2,2025,28,1,49,0,1,0,2,0,2,1,0,0,2,6,8,0,0,0.01291711200019563,0.005241181000201323,0.005098514000110299,0,Optimal,1,0,0,1.0,1.0,1.0,0.8996194252227986,0,0,0,0.0,0.0,0.0,0,2,0,2,100.0,0,0
Visual Genome,532,missing,0.3,42,28,1,49,0,1,0,2,0,2,1,0,0,2,9,11,0,0,0.01291711200019563,0.005011363999983587,0.004883335000158695,0,Optimal,1,0,0,1.0,1.0,1.0,0.8996194252227986,0,0,0,0.0,0.0,0.0,0,2,0,2,100.0,0,0
Visual Genome,532,missing,0.3,123,28,1,49,0,1,0,2,0,2,1,0,0,2,9,11,0,0,0.01291711200019563,0.005358795000120153,0.005185553000046639,0,Optimal,1,0,0,1.0,1.0,1.0,0.8996194252227986,0,0,0,0.0,0.0,0.0,0,2,0,2,100.0,0,0
Visual Genome,532,missing,0.3,2025,28,1,49,0,1,0,2,0,2,1,0,0,2,9,11,0,0,0.01291711200019563,0.005410814000242681,0.005276262999814207,0,Optimal,1,0,0,1.0,1.0,1.0,0.8996194252227986,0,0,0,0.0,0.0,0.0,0,2,0,2,100.0,0,0
Visual Genome,532,erroneous,0.05,42,28,1,49,0,1,0,2,0,2,1,0,0,2,0,0,2,2,0.01291711200019563,0.005473249999795371,0.005285284999899886,0,Optimal,1,0,0,1.0,1.0,1.0,0.8996194252227986,0,0,0,0.0,0.0,0.0,0,2,0,2,100.0,0,0
Visual Genome,532,erroneous,0.05,123,28,1,49,0,1,0,2,0,2,1,0,0,2,0,0,2,2,0.01291711200019563,0.005663013000230421,0.005494215999988228,0,Optimal,1,0,0,1.0,1.0,1.0,0.8996194252227986,0,0,0,0.0,0.0,0.0,0,2,0,2,100.0,0,0
Visual Genome,532,erroneous,0.05,2025,28,1,49,0,1,0,2,0,2,1,0,0,2,0,0,2,2,0.01291711200019563,0.005191054000079021,0.004945213000155491,0,Optimal,1,0,0,1.0,1.0,1.0,0.8996194252227986,0,0,0,0.0,0.0,0.0,0,2,0,2,100.0,0,0
Visual Genome,532,erroneous,0.1,42,28,1,49,0,1,0,2,0,2,1,0,0,2,0,0,3,4,0.01291711200019563,0.005222237999987556,0.005057004999798664,0,Optimal,1,0,0,1.0,1.0,1.0,0.8996194252227986,0,0,0,0.0,0.0,0.0,0,2,0,2,100.0,0,0
Visual Genome,532,erroneous,0.1,123,28,1,49,0,1,0,2,0,2,1,0,0,2,0,0,3,4,0.01291711200019563,0.005057223999756388,0.004894170000170561,0,Optimal,1,0,0,1.0,1.0,1.0,0.8996194252227986,0,0,0,0.0,0.0,0.0,0,2,0,2,100.0,0,0
Visual Genome,532,erroneous,0.1,2025,28,1,49,0,1,0,2,0,2,1,0,0,2,0,0,3,4,0.01291711200019563,0.005450901000131125,0.005266301000119711,0,Optimal,1,0,0,1.0,1.0,1.0,0.8996194252227986,0,0,0,0.0,0.0,0.0,0,2,0,2,100.0,0,0
Open Images,0071f62f5d703904,baseline,0.0,42,10,0,5,0,8,116,16,116,132,65,0,0,16,0,0,0,0,0.025668752000001405,0.011510679999901186,0.010302338999736094,0,Optimal,0,8,0,0.0,0.0,0.0,0.0,0,0,0,0.0,0.0,0.0,0,25,0,25,100.0,0,0
Open Images,0071f62f5d703904,missing,0.1,42,10,0,5,0,8,116,16,116,132,65,0,0,16,3,4,0,0,0.025668752000001405,0.011203029999705905,0.009956585000054474,0,Optimal,0,8,0,0.0,0.0,0.0,0.0,0,0,0,0.0,0.0,0.0,0,25,0,25,100.0,0,0
Open Images,0071f62f5d703904,missing,0.1,123,10,0,5,0,8,116,16,116,132,65,0,0,16,3,4,0,0,0.025668752000001405,0.011579245000120864,0.010249213999941276,0,Optimal,0,8,0,0.0,0.0,0.0,0.0,0,0,0,0.0,0.0,0.0,0,25,0,25,100.0,0,0
Open Images,0071f62f5d703904,missing,0.1,2025,10,0,5,0,8,116,16,116,132,65,0,0,16,3,4,0,0,0.025668752000001405,0.010795158999826526,0.009580810999977984,0,Optimal,0,8,0,0.0,0.0,0.0,0.0,0,0,0,0.0,0.0,0.0,0,25,0,25,100.0,0,0
Open Images,0071f62f5d703904,missing,0.2,42,10,0,5,0,8,116,16,116,132,65,0,0,16,6,8,0,0,0.025668752000001405,0.010878977000174928,0.0094791050000822,0,Optimal,0,8,0,0.0,0.0,0.0,0.0,0,0,0,0.0,0.0,0.0,0,25,0,25,100.0,0,0
Open Images,0071f62f5d703904,missing,0.2,123,10,0,5,0,8,116,16,116,132,65,0,0,16,6,8,0,0,0.025668752000001405,0.010989984999923763,0.009735276000355952,0,Optimal,0,8,0,0.0,0.0,0.0,0.0,0,0,0,0.0,0.0,0.0,0,25,0,25,100.0,0,0
Open Images,0071f62f5d703904,missing,0.2,2025,10,0,5,0,8,116,16,116,132,65,0,0,16,6,8,0,0,0.025668752000001405,0.010843212000054336,0.009566231000007974,0,Optimal,0,8,0,0.0,0.0,0.0,0.0,0,0,0,0.0,0.0,0.0,0,25,0,25,100.0,0,0
Open Images,0071f62f5d703904,missing,0.3,42,10,0,5,0,8,116,16,116,132,65,0,0,16,9,11,0,0,0.025668752000001405,0.010771791000024677,0.009633788999963144,0,Optimal,0,8,0,0.0,0.0,0.0,0.0,0,0,0,0.0,0.0,0.0,0,25,0,25,100.0,0,0
Open Images,0071f62f5d703904,missing,0.3,123,10,0,5,0,8,116,16,116,132,65,0,0,16,9,11,0,0,0.025668752000001405,0.01100952899969343,0.009664772000178345,0,Optimal,0,8,0,0.0,0.0,0.0,0.0,0,0,0,0.0,0.0,0.0,0,25,0,25,100.0,0,0
Open Images,0071f62f5d703904,missing,0.3,2025,10,0,5,0,8,116,16,116,132,65,0,0,16,9,11,0,0,0.025668752000001405,0.011055947999921045,0.00992003500005012,0,Optimal,0,8,0,0.0,0.0,0.0,0.0,0,0,0,0.0,0.0,0.0,0,25,0,25,100.0,0,0
Open Images,0071f62f5d703904,erroneous,0.05,42,10,0,5,0,8,116,16,116,132,113,24,24,16,0,0,2,2,0.025668752000001405,0.015321799999583163,0.014079343000048539,0,Optimal,0,8,0,0.0,0.0,0.0,0.0,0,0,0,0.0,0.0,0.0,0,25,0,25,100.0,0,22
Open Images,0071f62f5d703904,erroneous,0.05,123,10,0,5,0,8,116,16,116,132,65,0,0,16,0,0,2,2,0.025668752000001405,0.011318346000280144,0.009904208000079961,0,Optimal,0,8,0,0.0,0.0,0.0,0.0,0,0,0,0.0,0.0,0.0,0,25,0,25,100.0,0,0
Open Images,0071f62f5d703904,erroneous,0.05,2025,10,0,5,0,8,116,16,116,132,65,0,0,16,0,0,2,2,0.025668752000001405,0.011020930000086082,0.009708888000204752,0,Optimal,0,8,0,0.0,0.0,0.0,0.0,0,0,0,0.0,0.0,0.0,0,25,0,25,100.0,0,0
Open Images,0071f62f5d703904,erroneous,0.1,42,10,0,5,0,8,116,16,116,132,65,0,0,16,0,0,3,4,0.025668752000001405,0.010784622999835847,0.009553853999932471,0,Optimal,0,8,0,0.0,0.0,0.0,0.0,0,0,0,0.0,0.0,0.0,0,25,0,25,100.0,0,0
Open Images,0071f62f5d703904,erroneous,0.1,123,10,0,5,0,8,116,16,116,132,65,0,0,16,0,0,3,4,0.025668752000001405,0.01124261299992213,0.009944475999873248,0,Optimal,0,8,0,0.0,0.0,0.0,0.0,0,0,0,0.0,0.0,0.0,0,25,0,25,100.0,0,0
Open Images,0071f62f5d703904,erroneous,0.1,2025,10,0,5,0,8,116,16,116,132,65,0,0,16,0,0,3,4,0.025668752000001405,0.012874413000190543,0.011644169999726728,0,Optimal,0,8,0,0.0,0.0,0.0,0.0,0,0,0,0.0,0.0,0.0,0,25,0,25,100.0,0,0
Open Images,00e0a53e14bf2447,baseline,0.0,42,8,0,2,0,5,39,10,39,49,26,0,0,10,0,0,0,0,0.020478324000123393,0.007405653000205348,0.006873222000194801,0,Optimal,0,5,0,0.0,0.0,0.0,0.0,0,0,0,0.0,0.0,0.0,0,16,0,16,100.0,0,0
Open Images,00e0a53e14bf2447,missing,0.1,42,8,0,2,0,5,39,10,39,49,26,0,0,10,3,4,0,0,0.020478324000123393,0.007030436000150075,0.006464799000241328,0,Optimal,0,5,0,0.0,0.0,0.0,0.0,0,0,0,0.0,0.0,0.0,0,16,0,16,100.0,0,0
Open Images,00e0a53e14bf2447,missing,0.1,123,8,0,2,0,5,39,10,39,49,26,0,0,10,3,4,0,0,0.020478324000123393,0.0073858339997059375,0.00681252599997606,0,Optimal,0,5,0,0.0,0.0,0.0,0.0,0,0,0,0.0,0.0,0.0,0,16,0,16,100.0,0,0
Open Images,00e0a53e14bf2447,missing,0.1,2025,8,0,2,0,5,39,10,39,49,26,0,0,10,3,4,0,0,0.020478324000123393,0.007107011999778479,0.006537853000281757,0,Optimal,0,5,0,0.0,0.0,0.0,0.0,0,0,0,0.0,0.0,0.0,0,16,0,16,100.0,0,0
Open Images,00e0a53e14bf2447,missing,0.2,42,8,0,2,0,5,39,10,39,49,26,0,0,10,6,8,0,0,0.020478324000123393,0.006979463000334363,0.00642775200003598,0,Optimal,0,5,0,0.0,0.0,0.0,0.0,0,0,0,0.0,0.0,0.0,0,16,0,16,100.0,0,0
Open Images,00e0a53e14bf2447,missing,0.2,123,8,0,2,0,5,39,10,39,49,26,0,0,10,6,8,0,0,0.020478324000123393,0.007218425000246498,0.006611423999856925,0,Optimal,0,5,0,0.0,0.0,0.0,0.0,0,0,0,0.0,0.0,0.0,0,16,0,16,100.0,0,0
Open Images,00e0a53e14bf2447,missing,0.2,2025,8,0,2,0,5,39,10,39,49,26,0,0,10,6,8,0,0,0.020478324000123393,0.006867800000236457,0.006347722000100475,0,Optimal,0,5,0,0.0,0.0,0.0,0.0,0,0,0,0.0,0.0,0.0,0,16,0,16,100.0,0,0
Open Images,00e0a53e14bf2447,missing,0.3,42,8,0,2,0,5,39,10,39,49,26,0,0,10,9,11,0,0,0.020478324000123393,0.0071162690001074225,0.006570625000222208,0,Optimal,0,5,0,0.0,0.0,0.0,0.0,0,0,0,0.0,0.0,0.0,0,16,0,16,100.0,0,0
Open Images,00e0a53e14bf2447,missing,0.3,123,8,0,2,0,5,39,10,39,49,26,0,0,10,9,11,0,0,0.020478324000123393,0.006550661999881413,0.006035371000052692,0,Optimal,0,5,0,0.0,0.0,0.0,0.0,0,0,0,0.0,0.0,0.0,0,16,0,16,100.0,0,0
Open Images,00e0a53e14bf2447,missing,0.3,2025,8,0,2,0,5,39,10,39,49,26,0,0,10,9,11,0,0,0.020478324000123393,0.007129201999759971,0.006514492999940558,0,Optimal,0,5,0,0.0,0.0,0.0,0.0,0,0,0,0.0,0.0,0.0,0,16,0,16,100.0,0,0
Open Images,00e0a53e14bf2447,erroneous,0.05,42,8,0,2,0,5,39,10,39,49,44,9,9,10,0,0,2,2,0.020478324000123393,0.008886164999694302,0.008339645999967615,0,Optimal,0,5,0,0.0,0.0,0.0,0.0,0,0,0,0.0,0.0,0.0,0,16,0,16,100.0,0,14
Open Images,00e0a53e14bf2447,erroneous,0.05,123,8,0,2,0,5,39,10,39,49,26,0,0,10,0,0,2,2,0.020478324000123393,0.007121307000033994,0.006438626000090153,0,Optimal,0,5,0,0.0,0.0,0.0,0.0,0,0,0,0.0,0.0,0.0,0,16,0,16,100.0,0,0
Open Images,00e0a53e14bf2447,erroneous,0.05,2025,8,0,2,0,5,39,10,39,49,26,0,0,10,0,0,2,2,0.020478324000123393,0.0074652170001172635,0.006898563000049762,0,Optimal,0,5,0,0.0,0.0,0.0,0.0,0,0,0,0.0,0.0,0.0,0,16,0,16,100.0,0,0
Open Images,00e0a53e14bf2447,erroneous,0.1,42,8,0,2,0,5,39,10,39,49,26,0,0,10,0,0,3,4,0.020478324000123393,0.007246806000239303,0.006547750000208907,0,Optimal,0,5,0,0.0,0.0,0.0,0.0,0,0,0,0.0,0.0,0.0,0,16,0,16,100.0,0,0
Open Images,00e0a53e14bf2447,erroneous,0.1,123,8,0,2,0,5,39,10,39,49,26,0,0,10,0,0,3,4,0.020478324000123393,0.007202425999821571,0.006545744999584713,0,Optimal,0,5,0,0.0,0.0,0.0,0.0,0,0,0,0.0,0.0,0.0,0,16,0,16,100.0,0,0
Open Images,00e0a53e14bf2447,erroneous,0.1,2025,8,0,2,0,5,39,10,39,49,26,0,0,10,0,0,3,4,0.020478324000123393,0.007212531000277522,0.00661883900011162,0,Optimal,0,5,0,0.0,0.0,0.0,0.0,0,0,0,0.0,0.0,0.0,0,16,0,16,100.0,0,0
Open Images,01bf00da5f94e942,baseline,0.0,42,37,3,25,0,6,30,12,30,42,37,0,0,12,0,0,0,0,0.022473510999589053,0.007149542000206566,0.006703504999677534,0,Optimal,0,6,3,0.0,0.0,0.0,0.0,0,0,0,0.0,0.0,0.0,0,19,0,19,100.0,0,0
Open Images,01bf00da5f94e942,missing,0.1,42,37,3,25,0,6,30,12,30,42,37,0,0,12,3,4,0,0,0.022473510999589053,0.007003343000178575,0.006532844999583176,0,Optimal,0,6,3,0.0,0.0,0.0,0.0,0,0,0,0.0,0.0,0.0,0,19,0,19,100.0,0,0
Open Images,01bf00da5f94e942,missing,0.1,123,37,3,25,0,6,30,12,30,42,37,0,0,12,3,4,0,0,0.022473510999589053,0.0070646670001224265,0.006550393999987136,0,Optimal,0,6,3,0.0,0.0,0.0,0.0,0,0,0,0.0,0.0,0.0,0,19,0,19,100.0,0,0
Open Images,01bf00da5f94e942,missing,0.1,2025,37,3,25,0,6,30,12,30,42,37,0,0,12,3,4,0,0,0.022473510999589053,0.0072123919999285135,0.006591149000087171,0,Optimal,0,6,3,0.0,0.0,0.0,0.0,0,0,0,0.0,0.0,0.0,0,19,0,19,100.0,0,0
Open Images,01bf00da5f94e942,missing,0.2,42,37,3,25,0,6,30,12,30,42,37,0,0,12,6,8,0,0,0.022473510999589053,0.007230406999951811,0.0066407029999027145,0,Optimal,0,6,3,0.0,0.0,0.0,0.0,0,0,0,0.0,0.0,0.0,0,19,0,19,100.0,0,0
Open Images,01bf00da5f94e942,missing,0.2,123,37,3,25,0,6,30,12,30,42,37,0,0,12,6,8,0,0,0.022473510999589053,0.006758383000033064,0.006274791000123514,0,Optimal,0,6,3,0.0,0.0,0.0,0.0,0,0,0,0.0,0.0,0.0,0,19,0,19,100.0,0,0
Open Images,01bf00da5f94e942,missing,0.2,2025,37,3,25,0,6,30,12,30,42,37,0,0,12,6,8,0,0,0.022473510999589053,0.00671829400016577,0.006175102999804949,0,Optimal,0,6,3,0.0,0.0,0.0,0.0,0,0,0,0.0,0.0,0.0,0,19,0,19,100.0,0,0
Open Images,01bf00da5f94e942,missing,0.3,42,37,3,25,0,6,30,12,30,42,37,0,0,12,9,11,0,0,0.022473510999589053,0.0071405099997718935,0.006640323999818065,0,Optimal,0,6,3,0.0,0.0,0.0,0.0,0,0,0,0.0,0.0,0.0,0,19,0,19,100.0,0,0
Open Images,01bf00da5f94e942,missing,0.3,123,37,3,25,0,6,30,12,30,42,37,0,0,12,9,11,0,0,0.022473510999589053,0.006959096000173304,0.006448266000006697,0,Optimal,0,6,3,0.0,0.0,0.0,0.0,0,0,0,0.0,0.0,0.0,0,19,0,19,100.0,0,0
Open Images,01bf00da5f94e942,missing,0.3,2025,37,3,25,0,6,30,12,30,42,37,0,0,12,9,11,0,0,0.022473510999589053,0.0071009830003276875,0.006589611999970657,0,Optimal,0,6,3,0.0,0.0,0.0,0.0,0,0,0,0.0,0.0,0.0,0,19,0,19,100.0,0,0
Open Images,01bf00da5f94e942,erroneous,0.05,42,37,3,25,0,6,30,12,30,42,37,0,0,12,0,0,2,2,0.022473510999589053,0.007435404999796447,0.006807727999785129,0,Optimal,0,6,3,0.0,0.0,0.0,0.0,0,0,0,0.0,0.0,0.0,0,19,0,19,100.0,0,0
Open Images,01bf00da5f94e942,erroneous,0.05,123,37,3,25,0,6,30,12,30,42,37,0,0,12,0,0,2,2,0.022473510999589053,0.007458764000148221,0.006652680000115652,0,Optimal,0,6,3,0.0,0.0,0.0,0.0,0,0,0,0.0,0.0,0.0,0,19,0,19,100.0,0,0
Open Images,01bf00da5f94e942,erroneous,0.05,2025,37,3,25,0,6,30,12,30,42,37,0,0,12,0,0,2,2,0.022473510999589053,0.00716156900034548,0.006665317999704712,0,Optimal,0,6,3,0.0,0.0,0.0,0.0,0,0,0,0.0,0.0,0.0,0,19,0,19,100.0,0,0
Open Images,01bf00da5f94e942,erroneous,0.1,42,37,3,25,0,6,30,12,30,42,37,0,0,12,0,0,3,4,0.022473510999589053,0.0068843839999317424,0.006382370999745035,0,Optimal,0,6,3,0.0,0.0,0.0,0.0,0,0,0,0.0,0.0,0.0,0,19,0,19,100.0,0,0
Open Images,01bf00da5f94e942,erroneous,0.1,123,37,3,25,0,6,30,12,30,42,37,0,0,12,0,0,3,4,0.022473510999589053,0.007440051999765274,0.006905291999828478,0,Optimal,0,6,3,0.0,0.0,0.0,0.0,0,0,0,0.0,0.0,0.0,0,19,0,19,100.0,0,0
Open Images,01bf00da5f94e942,erroneous,0.1,2025,37,3,25,0,6,30,12,30,42,37,0,0,12,0,0,3,4,0.022473510999589053,0.007221378999929584,0.0066154959999948915,0,Optimal,0,6,3,0.0,0.0,0.0,0.0,0,0,0,0.0,0.0,0.0,0,19,0,19,100.0,0,0
