n_objects,seed,n_label_variables,n_relation_variables,n_binary_variables,n_constraints,n_domain_constraints,n_range_constraints,relation_budget,instance_build_time_s,solver_time_s,repair_time_s,total_solver_pipeline_time_s,end_to_end_time_s,solver_status,fallback,fallback_trigger,n_components,objective_value,objective_gap_if_optimal,selected_relations
20,42,60,57,117,192,57,57,40,0.00032042699996281954,0.3728100829999903,0.0,0.3728100829999903,0.3731305099999531,Optimal,0,none,1,16.81959505982432,0.0,40
20,123,60,69,129,228,69,69,40,0.00038766000000123313,0.019713199000022996,0.0,0.019713199000022996,0.02010085900002423,Optimal,0,none,1,17.098441613150232,0.0,40
20,2025,60,61,121,204,61,61,40,0.00040454499998077154,0.01864107099999046,0.0,0.01864107099999046,0.019045615999971233,Optimal,0,none,1,16.96021485968064,0.0,40
40,42,120,229,349,728,229,229,80,0.0009498870000470561,0.04191917899998998,0.0,0.04191917899998998,0.04286906600003704,Optimal,0,none,1,34.647374112516886,0.0,80
40,123,120,244,364,773,244,244,80,0.0009907659999726093,0.04491206699998429,0.0,0.04491206699998429,0.0459028329999569,Optimal,0,none,1,34.77635005027629,0.0,80
40,2025,120,250,370,791,250,250,80,0.0013993809999988116,0.0451094559999774,0.0,0.0451094559999774,0.04650883699997621,Optimal,0,none,1,34.92602707430192,0.0,80
60,42,180,520,700,1621,520,520,120,0.0019954029999667,0.09074410599998828,0.0,0.09074410599998828,0.09273950899995498,Optimal,0,none,1,52.407700118618045,0.0,120
60,123,180,526,706,1639,526,526,120,0.0019471139999609477,0.08856803499998023,0.0,0.08856803499998023,0.09051514899994118,Optimal,0,none,1,52.4459656597849,0.0,120
60,2025,180,554,734,1723,554,554,120,0.0017736350000063794,0.09288941299996623,0.0,0.09288941299996623,0.0946630479999726,Optimal,0,none,1,52.79716944583103,0.0,120
