image_id,file_name,url
397133,000000397133.jpg,http://images.cocodataset.org/val2017/000000397133.jpg
37777,000000037777.jpg,http://images.cocodataset.org/val2017/000000037777.jpg
252219,000000252219.jpg,http://images.cocodataset.org/val2017/000000252219.jpg
87038,000000087038.jpg,http://images.cocodataset.org/val2017/000000087038.jpg
174482,000000174482.jpg,http://images.cocodataset.org/val2017/000000174482.jpg
403385,000000403385.jpg,http://images.cocodataset.org/val2017/000000403385.jpg
6818,000000006818.jpg,http://images.cocodataset.org/val2017/000000006818.jpg
480985,000000480985.jpg,http://images.cocodataset.org/val2017/000000480985.jpg
458054,000000458054.jpg,http://images.cocodataset.org/val2017/000000458054.jpg
331352,000000331352.jpg,http://images.cocodataset.org/val2017/000000331352.jpg
296649,000000296649.jpg,http://images.cocodataset.org/val2017/000000296649.jpg
386912,000000386912.jpg,http://images.cocodataset.org/val2017/000000386912.jpg
502136,000000502136.jpg,http://images.cocodataset.org/val2017/000000502136.jpg
491497,000000491497.jpg,http://images.cocodataset.org/val2017/000000491497.jpg
184791,000000184791.jpg,http://images.cocodataset.org/val2017/000000184791.jpg
348881,000000348881.jpg,http://images.cocodataset.org/val2017/000000348881.jpg
289393,000000289393.jpg,http://images.cocodataset.org/val2017/000000289393.jpg
522713,000000522713.jpg,http://images.cocodataset.org/val2017/000000522713.jpg
181666,000000181666.jpg,http://images.cocodataset.org/val2017/000000181666.jpg
17627,000000017627.jpg,http://images.cocodataset.org/val2017/000000017627.jpg
143931,000000143931.jpg,http://images.cocodataset.org/val2017/000000143931.jpg
303818,000000303818.jpg,http://images.cocodataset.org/val2017/000000303818.jpg
463730,000000463730.jpg,http://images.cocodataset.org/val2017/000000463730.jpg
460347,000000460347.jpg,http://images.cocodataset.org/val2017/000000460347.jpg
322864,000000322864.jpg,http://images.cocodataset.org/val2017/000000322864.jpg
226111,000000226111.jpg,http://images.cocodataset.org/val2017/000000226111.jpg
153299,000000153299.jpg,http://images.cocodataset.org/val2017/000000153299.jpg
308394,000000308394.jpg,http://images.cocodataset.org/val2017/000000308394.jpg
456496,000000456496.jpg,http://images.cocodataset.org/val2017/000000456496.jpg
58636,000000058636.jpg,http://images.cocodataset.org/val2017/000000058636.jpg
41888,000000041888.jpg,http://images.cocodataset.org/val2017/000000041888.jpg
184321,000000184321.jpg,http://images.cocodataset.org/val2017/000000184321.jpg
565778,000000565778.jpg,http://images.cocodataset.org/val2017/000000565778.jpg
297343,000000297343.jpg,http://images.cocodataset.org/val2017/000000297343.jpg
336587,000000336587.jpg,http://images.cocodataset.org/val2017/000000336587.jpg
122745,000000122745.jpg,http://images.cocodataset.org/val2017/000000122745.jpg
219578,000000219578.jpg,http://images.cocodataset.org/val2017/000000219578.jpg
555705,000000555705.jpg,http://images.cocodataset.org/val2017/000000555705.jpg
443303,000000443303.jpg,http://images.cocodataset.org/val2017/000000443303.jpg
500663,000000500663.jpg,http://images.cocodataset.org/val2017/000000500663.jpg
418281,000000418281.jpg,http://images.cocodataset.org/val2017/000000418281.jpg
25560,000000025560.jpg,http://images.cocodataset.org/val2017/000000025560.jpg
403817,000000403817.jpg,http://images.cocodataset.org/val2017/000000403817.jpg
85329,000000085329.jpg,http://images.cocodataset.org/val2017/000000085329.jpg
329323,000000329323.jpg,http://images.cocodataset.org/val2017/000000329323.jpg
239274,000000239274.jpg,http://images.cocodataset.org/val2017/000000239274.jpg
286994,000000286994.jpg,http://images.cocodataset.org/val2017/000000286994.jpg
511321,000000511321.jpg,http://images.cocodataset.org/val2017/000000511321.jpg
314294,000000314294.jpg,http://images.cocodataset.org/val2017/000000314294.jpg
233771,000000233771.jpg,http://images.cocodataset.org/val2017/000000233771.jpg
475779,000000475779.jpg,http://images.cocodataset.org/val2017/000000475779.jpg
301867,000000301867.jpg,http://images.cocodataset.org/val2017/000000301867.jpg
312421,000000312421.jpg,http://images.cocodataset.org/val2017/000000312421.jpg
185250,000000185250.jpg,http://images.cocodataset.org/val2017/000000185250.jpg
356427,000000356427.jpg,http://images.cocodataset.org/val2017/000000356427.jpg
572517,000000572517.jpg,http://images.cocodataset.org/val2017/000000572517.jpg
270244,000000270244.jpg,http://images.cocodataset.org/val2017/000000270244.jpg
516316,000000516316.jpg,http://images.cocodataset.org/val2017/000000516316.jpg
125211,000000125211.jpg,http://images.cocodataset.org/val2017/000000125211.jpg
562121,000000562121.jpg,http://images.cocodataset.org/val2017/000000562121.jpg
360661,000000360661.jpg,http://images.cocodataset.org/val2017/000000360661.jpg
16228,000000016228.jpg,http://images.cocodataset.org/val2017/000000016228.jpg
382088,000000382088.jpg,http://images.cocodataset.org/val2017/000000382088.jpg
266409,000000266409.jpg,http://images.cocodataset.org/val2017/000000266409.jpg
430961,000000430961.jpg,http://images.cocodataset.org/val2017/000000430961.jpg
80671,000000080671.jpg,http://images.cocodataset.org/val2017/000000080671.jpg
577539,000000577539.jpg,http://images.cocodataset.org/val2017/000000577539.jpg
104612,000000104612.jpg,http://images.cocodataset.org/val2017/000000104612.jpg
476258,000000476258.jpg,http://images.cocodataset.org/val2017/000000476258.jpg
448365,000000448365.jpg,http://images.cocodataset.org/val2017/000000448365.jpg
35197,000000035197.jpg,http://images.cocodataset.org/val2017/000000035197.jpg
349860,000000349860.jpg,http://images.cocodataset.org/val2017/000000349860.jpg
180135,000000180135.jpg,http://images.cocodataset.org/val2017/000000180135.jpg
486438,000000486438.jpg,http://images.cocodataset.org/val2017/000000486438.jpg
400573,000000400573.jpg,http://images.cocodataset.org/val2017/000000400573.jpg
109798,000000109798.jpg,http://images.cocodataset.org/val2017/000000109798.jpg
370677,000000370677.jpg,http://images.cocodataset.org/val2017/000000370677.jpg
238866,000000238866.jpg,http://images.cocodataset.org/val2017/000000238866.jpg
369370,000000369370.jpg,http://images.cocodataset.org/val2017/000000369370.jpg
502737,000000502737.jpg,http://images.cocodataset.org/val2017/000000502737.jpg
515579,000000515579.jpg,http://images.cocodataset.org/val2017/000000515579.jpg
515445,000000515445.jpg,http://images.cocodataset.org/val2017/000000515445.jpg
173383,000000173383.jpg,http://images.cocodataset.org/val2017/000000173383.jpg
438862,000000438862.jpg,http://images.cocodataset.org/val2017/000000438862.jpg
180560,000000180560.jpg,http://images.cocodataset.org/val2017/000000180560.jpg
347693,000000347693.jpg,http://images.cocodataset.org/val2017/000000347693.jpg
39956,000000039956.jpg,http://images.cocodataset.org/val2017/000000039956.jpg
321214,000000321214.jpg,http://images.cocodataset.org/val2017/000000321214.jpg
474028,000000474028.jpg,http://images.cocodataset.org/val2017/000000474028.jpg
66523,000000066523.jpg,http://images.cocodataset.org/val2017/000000066523.jpg
355257,000000355257.jpg,http://images.cocodataset.org/val2017/000000355257.jpg
142092,000000142092.jpg,http://images.cocodataset.org/val2017/000000142092.jpg
63154,000000063154.jpg,http://images.cocodataset.org/val2017/000000063154.jpg
199551,000000199551.jpg,http://images.cocodataset.org/val2017/000000199551.jpg
239347,000000239347.jpg,http://images.cocodataset.org/val2017/000000239347.jpg
514508,000000514508.jpg,http://images.cocodataset.org/val2017/000000514508.jpg
473237,000000473237.jpg,http://images.cocodataset.org/val2017/000000473237.jpg
228144,000000228144.jpg,http://images.cocodataset.org/val2017/000000228144.jpg
206027,000000206027.jpg,http://images.cocodataset.org/val2017/000000206027.jpg
78915,000000078915.jpg,http://images.cocodataset.org/val2017/000000078915.jpg
551215,000000551215.jpg,http://images.cocodataset.org/val2017/000000551215.jpg
544519,000000544519.jpg,http://images.cocodataset.org/val2017/000000544519.jpg
96493,000000096493.jpg,http://images.cocodataset.org/val2017/000000096493.jpg
23899,000000023899.jpg,http://images.cocodataset.org/val2017/000000023899.jpg
340175,000000340175.jpg,http://images.cocodataset.org/val2017/000000340175.jpg
578500,000000578500.jpg,http://images.cocodataset.org/val2017/000000578500.jpg
366141,000000366141.jpg,http://images.cocodataset.org/val2017/000000366141.jpg
57597,000000057597.jpg,http://images.cocodataset.org/val2017/000000057597.jpg
559842,000000559842.jpg,http://images.cocodataset.org/val2017/000000559842.jpg
434230,000000434230.jpg,http://images.cocodataset.org/val2017/000000434230.jpg
428454,000000428454.jpg,http://images.cocodataset.org/val2017/000000428454.jpg
399462,000000399462.jpg,http://images.cocodataset.org/val2017/000000399462.jpg
261061,000000261061.jpg,http://images.cocodataset.org/val2017/000000261061.jpg
168330,000000168330.jpg,http://images.cocodataset.org/val2017/000000168330.jpg
383384,000000383384.jpg,http://images.cocodataset.org/val2017/000000383384.jpg
342006,000000342006.jpg,http://images.cocodataset.org/val2017/000000342006.jpg
217285,000000217285.jpg,http://images.cocodataset.org/val2017/000000217285.jpg
236412,000000236412.jpg,http://images.cocodataset.org/val2017/000000236412.jpg
524456,000000524456.jpg,http://images.cocodataset.org/val2017/000000524456.jpg
153343,000000153343.jpg,http://images.cocodataset.org/val2017/000000153343.jpg
95786,000000095786.jpg,http://images.cocodataset.org/val2017/000000095786.jpg
326541,000000326541.jpg,http://images.cocodataset.org/val2017/000000326541.jpg
213086,000000213086.jpg,http://images.cocodataset.org/val2017/000000213086.jpg
231339,000000231339.jpg,http://images.cocodataset.org/val2017/000000231339.jpg
508730,000000508730.jpg,http://images.cocodataset.org/val2017/000000508730.jpg
550426,000000550426.jpg,http://images.cocodataset.org/val2017/000000550426.jpg
368294,000000368294.jpg,http://images.cocodataset.org/val2017/000000368294.jpg
171190,000000171190.jpg,http://images.cocodataset.org/val2017/000000171190.jpg
301135,000000301135.jpg,http://images.cocodataset.org/val2017/000000301135.jpg
580294,000000580294.jpg,http://images.cocodataset.org/val2017/000000580294.jpg
494869,000000494869.jpg,http://images.cocodataset.org/val2017/000000494869.jpg
33638,000000033638.jpg,http://images.cocodataset.org/val2017/000000033638.jpg
329219,000000329219.jpg,http://images.cocodataset.org/val2017/000000329219.jpg
34873,000000034873.jpg,http://images.cocodataset.org/val2017/000000034873.jpg
186980,000000186980.jpg,http://images.cocodataset.org/val2017/000000186980.jpg
127182,000000127182.jpg,http://images.cocodataset.org/val2017/000000127182.jpg
356387,000000356387.jpg,http://images.cocodataset.org/val2017/000000356387.jpg
367680,000000367680.jpg,http://images.cocodataset.org/val2017/000000367680.jpg
263796,000000263796.jpg,http://images.cocodataset.org/val2017/000000263796.jpg
117425,000000117425.jpg,http://images.cocodataset.org/val2017/000000117425.jpg
365387,000000365387.jpg,http://images.cocodataset.org/val2017/000000365387.jpg
487583,000000487583.jpg,http://images.cocodataset.org/val2017/000000487583.jpg
504711,000000504711.jpg,http://images.cocodataset.org/val2017/000000504711.jpg
363840,000000363840.jpg,http://images.cocodataset.org/val2017/000000363840.jpg
214720,000000214720.jpg,http://images.cocodataset.org/val2017/000000214720.jpg
379453,000000379453.jpg,http://images.cocodataset.org/val2017/000000379453.jpg
311295,000000311295.jpg,http://images.cocodataset.org/val2017/000000311295.jpg
29393,000000029393.jpg,http://images.cocodataset.org/val2017/000000029393.jpg
278848,000000278848.jpg,http://images.cocodataset.org/val2017/000000278848.jpg
166391,000000166391.jpg,http://images.cocodataset.org/val2017/000000166391.jpg
48153,000000048153.jpg,http://images.cocodataset.org/val2017/000000048153.jpg
459153,000000459153.jpg,http://images.cocodataset.org/val2017/000000459153.jpg
295713,000000295713.jpg,http://images.cocodataset.org/val2017/000000295713.jpg
223130,000000223130.jpg,http://images.cocodataset.org/val2017/000000223130.jpg
273132,000000273132.jpg,http://images.cocodataset.org/val2017/000000273132.jpg
198960,000000198960.jpg,http://images.cocodataset.org/val2017/000000198960.jpg
344059,000000344059.jpg,http://images.cocodataset.org/val2017/000000344059.jpg
410428,000000410428.jpg,http://images.cocodataset.org/val2017/000000410428.jpg
87875,000000087875.jpg,http://images.cocodataset.org/val2017/000000087875.jpg
450758,000000450758.jpg,http://images.cocodataset.org/val2017/000000450758.jpg
458790,000000458790.jpg,http://images.cocodataset.org/val2017/000000458790.jpg
460160,000000460160.jpg,http://images.cocodataset.org/val2017/000000460160.jpg
458109,000000458109.jpg,http://images.cocodataset.org/val2017/000000458109.jpg
30675,000000030675.jpg,http://images.cocodataset.org/val2017/000000030675.jpg
566524,000000566524.jpg,http://images.cocodataset.org/val2017/000000566524.jpg
338428,000000338428.jpg,http://images.cocodataset.org/val2017/000000338428.jpg
545826,000000545826.jpg,http://images.cocodataset.org/val2017/000000545826.jpg
166277,000000166277.jpg,http://images.cocodataset.org/val2017/000000166277.jpg
269314,000000269314.jpg,http://images.cocodataset.org/val2017/000000269314.jpg
476415,000000476415.jpg,http://images.cocodataset.org/val2017/000000476415.jpg
292082,000000292082.jpg,http://images.cocodataset.org/val2017/000000292082.jpg
360137,000000360137.jpg,http://images.cocodataset.org/val2017/000000360137.jpg
122046,000000122046.jpg,http://images.cocodataset.org/val2017/000000122046.jpg
352684,000000352684.jpg,http://images.cocodataset.org/val2017/000000352684.jpg
512836,000000512836.jpg,http://images.cocodataset.org/val2017/000000512836.jpg
8021,000000008021.jpg,http://images.cocodataset.org/val2017/000000008021.jpg
107226,000000107226.jpg,http://images.cocodataset.org/val2017/000000107226.jpg
84477,000000084477.jpg,http://images.cocodataset.org/val2017/000000084477.jpg
562243,000000562243.jpg,http://images.cocodataset.org/val2017/000000562243.jpg
181859,000000181859.jpg,http://images.cocodataset.org/val2017/000000181859.jpg
177015,000000177015.jpg,http://images.cocodataset.org/val2017/000000177015.jpg
292236,000000292236.jpg,http://images.cocodataset.org/val2017/000000292236.jpg
121506,000000121506.jpg,http://images.cocodataset.org/val2017/000000121506.jpg
288042,000000288042.jpg,http://images.cocodataset.org/val2017/000000288042.jpg
453860,000000453860.jpg,http://images.cocodataset.org/val2017/000000453860.jpg
500257,000000500257.jpg,http://images.cocodataset.org/val2017/000000500257.jpg
113403,000000113403.jpg,http://images.cocodataset.org/val2017/000000113403.jpg
125062,000000125062.jpg,http://images.cocodataset.org/val2017/000000125062.jpg
375015,000000375015.jpg,http://images.cocodataset.org/val2017/000000375015.jpg
334719,000000334719.jpg,http://images.cocodataset.org/val2017/000000334719.jpg
134112,000000134112.jpg,http://images.cocodataset.org/val2017/000000134112.jpg
283520,000000283520.jpg,http://images.cocodataset.org/val2017/000000283520.jpg
31269,000000031269.jpg,http://images.cocodataset.org/val2017/000000031269.jpg
319721,000000319721.jpg,http://images.cocodataset.org/val2017/000000319721.jpg
165351,000000165351.jpg,http://images.cocodataset.org/val2017/000000165351.jpg
347265,000000347265.jpg,http://images.cocodataset.org/val2017/000000347265.jpg
414170,000000414170.jpg,http://images.cocodataset.org/val2017/000000414170.jpg
231508,000000231508.jpg,http://images.cocodataset.org/val2017/000000231508.jpg
389381,000000389381.jpg,http://images.cocodataset.org/val2017/000000389381.jpg
118921,000000118921.jpg,http://images.cocodataset.org/val2017/000000118921.jpg
21503,000000021503.jpg,http://images.cocodataset.org/val2017/000000021503.jpg
785,000000000785.jpg,http://images.cocodataset.org/val2017/000000000785.jpg
300842,000000300842.jpg,http://images.cocodataset.org/val2017/000000300842.jpg
105014,000000105014.jpg,http://images.cocodataset.org/val2017/000000105014.jpg
261982,000000261982.jpg,http://images.cocodataset.org/val2017/000000261982.jpg
34205,000000034205.jpg,http://images.cocodataset.org/val2017/000000034205.jpg
99242,000000099242.jpg,http://images.cocodataset.org/val2017/000000099242.jpg
314709,000000314709.jpg,http://images.cocodataset.org/val2017/000000314709.jpg
460494,000000460494.jpg,http://images.cocodataset.org/val2017/000000460494.jpg
339442,000000339442.jpg,http://images.cocodataset.org/val2017/000000339442.jpg
541055,000000541055.jpg,http://images.cocodataset.org/val2017/000000541055.jpg
409475,000000409475.jpg,http://images.cocodataset.org/val2017/000000409475.jpg
464786,000000464786.jpg,http://images.cocodataset.org/val2017/000000464786.jpg
378605,000000378605.jpg,http://images.cocodataset.org/val2017/000000378605.jpg
331817,000000331817.jpg,http://images.cocodataset.org/val2017/000000331817.jpg
218091,000000218091.jpg,http://images.cocodataset.org/val2017/000000218091.jpg
578545,000000578545.jpg,http://images.cocodataset.org/val2017/000000578545.jpg
363207,000000363207.jpg,http://images.cocodataset.org/val2017/000000363207.jpg
372577,000000372577.jpg,http://images.cocodataset.org/val2017/000000372577.jpg
212166,000000212166.jpg,http://images.cocodataset.org/val2017/000000212166.jpg
172571,000000172571.jpg,http://images.cocodataset.org/val2017/000000172571.jpg
294831,000000294831.jpg,http://images.cocodataset.org/val2017/000000294831.jpg
84431,000000084431.jpg,http://images.cocodataset.org/val2017/000000084431.jpg
323355,000000323355.jpg,http://images.cocodataset.org/val2017/000000323355.jpg
355325,000000355325.jpg,http://images.cocodataset.org/val2017/000000355325.jpg
100582,000000100582.jpg,http://images.cocodataset.org/val2017/000000100582.jpg
555412,000000555412.jpg,http://images.cocodataset.org/val2017/000000555412.jpg
4495,000000004495.jpg,http://images.cocodataset.org/val2017/000000004495.jpg
9483,000000009483.jpg,http://images.cocodataset.org/val2017/000000009483.jpg
326082,000000326082.jpg,http://images.cocodataset.org/val2017/000000326082.jpg
398237,000000398237.jpg,http://images.cocodataset.org/val2017/000000398237.jpg
507223,000000507223.jpg,http://images.cocodataset.org/val2017/000000507223.jpg
31050,000000031050.jpg,http://images.cocodataset.org/val2017/000000031050.jpg
239537,000000239537.jpg,http://images.cocodataset.org/val2017/000000239537.jpg
340930,000000340930.jpg,http://images.cocodataset.org/val2017/000000340930.jpg
11813,000000011813.jpg,http://images.cocodataset.org/val2017/000000011813.jpg
281414,000000281414.jpg,http://images.cocodataset.org/val2017/000000281414.jpg
537991,000000537991.jpg,http://images.cocodataset.org/val2017/000000537991.jpg
284282,000000284282.jpg,http://images.cocodataset.org/val2017/000000284282.jpg
321333,000000321333.jpg,http://images.cocodataset.org/val2017/000000321333.jpg
521282,000000521282.jpg,http://images.cocodataset.org/val2017/000000521282.jpg
108026,000000108026.jpg,http://images.cocodataset.org/val2017/000000108026.jpg
243204,000000243204.jpg,http://images.cocodataset.org/val2017/000000243204.jpg
177935,000000177935.jpg,http://images.cocodataset.org/val2017/000000177935.jpg
38829,000000038829.jpg,http://images.cocodataset.org/val2017/000000038829.jpg
397327,000000397327.jpg,http://images.cocodataset.org/val2017/000000397327.jpg
501523,000000501523.jpg,http://images.cocodataset.org/val2017/000000501523.jpg
555050,000000555050.jpg,http://images.cocodataset.org/val2017/000000555050.jpg
376442,000000376442.jpg,http://images.cocodataset.org/val2017/000000376442.jpg
187243,000000187243.jpg,http://images.cocodataset.org/val2017/000000187243.jpg
356347,000000356347.jpg,http://images.cocodataset.org/val2017/000000356347.jpg
293044,000000293044.jpg,http://images.cocodataset.org/val2017/000000293044.jpg
560279,000000560279.jpg,http://images.cocodataset.org/val2017/000000560279.jpg
42276,000000042276.jpg,http://images.cocodataset.org/val2017/000000042276.jpg
534827,000000534827.jpg,http://images.cocodataset.org/val2017/000000534827.jpg
190756,000000190756.jpg,http://images.cocodataset.org/val2017/000000190756.jpg
482917,000000482917.jpg,http://images.cocodataset.org/val2017/000000482917.jpg
300659,000000300659.jpg,http://images.cocodataset.org/val2017/000000300659.jpg
199977,000000199977.jpg,http://images.cocodataset.org/val2017/000000199977.jpg
442480,000000442480.jpg,http://images.cocodataset.org/val2017/000000442480.jpg
384350,000000384350.jpg,http://images.cocodataset.org/val2017/000000384350.jpg
383621,000000383621.jpg,http://images.cocodataset.org/val2017/000000383621.jpg
189828,000000189828.jpg,http://images.cocodataset.org/val2017/000000189828.jpg
412894,000000412894.jpg,http://images.cocodataset.org/val2017/000000412894.jpg
537153,000000537153.jpg,http://images.cocodataset.org/val2017/000000537153.jpg
361103,000000361103.jpg,http://images.cocodataset.org/val2017/000000361103.jpg
392722,000000392722.jpg,http://images.cocodataset.org/val2017/000000392722.jpg
338560,000000338560.jpg,http://images.cocodataset.org/val2017/000000338560.jpg
264535,000000264535.jpg,http://images.cocodataset.org/val2017/000000264535.jpg
295231,000000295231.jpg,http://images.cocodataset.org/val2017/000000295231.jpg
154947,000000154947.jpg,http://images.cocodataset.org/val2017/000000154947.jpg
212559,000000212559.jpg,http://images.cocodataset.org/val2017/000000212559.jpg
458755,000000458755.jpg,http://images.cocodataset.org/val2017/000000458755.jpg
104782,000000104782.jpg,http://images.cocodataset.org/val2017/000000104782.jpg
315257,000000315257.jpg,http://images.cocodataset.org/val2017/000000315257.jpg
130599,000000130599.jpg,http://images.cocodataset.org/val2017/000000130599.jpg
227187,000000227187.jpg,http://images.cocodataset.org/val2017/000000227187.jpg
151662,000000151662.jpg,http://images.cocodataset.org/val2017/000000151662.jpg
461275,000000461275.jpg,http://images.cocodataset.org/val2017/000000461275.jpg
523811,000000523811.jpg,http://images.cocodataset.org/val2017/000000523811.jpg
456559,000000456559.jpg,http://images.cocodataset.org/val2017/000000456559.jpg
101068,000000101068.jpg,http://images.cocodataset.org/val2017/000000101068.jpg
140640,000000140640.jpg,http://images.cocodataset.org/val2017/000000140640.jpg
516708,000000516708.jpg,http://images.cocodataset.org/val2017/000000516708.jpg
544605,000000544605.jpg,http://images.cocodataset.org/val2017/000000544605.jpg
385190,000000385190.jpg,http://images.cocodataset.org/val2017/000000385190.jpg
338986,000000338986.jpg,http://images.cocodataset.org/val2017/000000338986.jpg
53994,000000053994.jpg,http://images.cocodataset.org/val2017/000000053994.jpg
61171,000000061171.jpg,http://images.cocodataset.org/val2017/000000061171.jpg
314034,000000314034.jpg,http://images.cocodataset.org/val2017/000000314034.jpg
291490,000000291490.jpg,http://images.cocodataset.org/val2017/000000291490.jpg
152740,000000152740.jpg,http://images.cocodataset.org/val2017/000000152740.jpg
24919,000000024919.jpg,http://images.cocodataset.org/val2017/000000024919.jpg
79837,000000079837.jpg,http://images.cocodataset.org/val2017/000000079837.jpg
21903,000000021903.jpg,http://images.cocodataset.org/val2017/000000021903.jpg
564133,000000564133.jpg,http://images.cocodataset.org/val2017/000000564133.jpg
337055,000000337055.jpg,http://images.cocodataset.org/val2017/000000337055.jpg
110638,000000110638.jpg,http://images.cocodataset.org/val2017/000000110638.jpg
34139,000000034139.jpg,http://images.cocodataset.org/val2017/000000034139.jpg
80340,000000080340.jpg,http://images.cocodataset.org/val2017/000000080340.jpg
83113,000000083113.jpg,http://images.cocodataset.org/val2017/000000083113.jpg
173033,000000173033.jpg,http://images.cocodataset.org/val2017/000000173033.jpg
255664,000000255664.jpg,http://images.cocodataset.org/val2017/000000255664.jpg
72813,000000072813.jpg,http://images.cocodataset.org/val2017/000000072813.jpg
545129,000000545129.jpg,http://images.cocodataset.org/val2017/000000545129.jpg
546011,000000546011.jpg,http://images.cocodataset.org/val2017/000000546011.jpg
121031,000000121031.jpg,http://images.cocodataset.org/val2017/000000121031.jpg
172547,000000172547.jpg,http://images.cocodataset.org/val2017/000000172547.jpg
369081,000000369081.jpg,http://images.cocodataset.org/val2017/000000369081.jpg
509131,000000509131.jpg,http://images.cocodataset.org/val2017/000000509131.jpg
578922,000000578922.jpg,http://images.cocodataset.org/val2017/000000578922.jpg
464089,000000464089.jpg,http://images.cocodataset.org/val2017/000000464089.jpg
453708,000000453708.jpg,http://images.cocodataset.org/val2017/000000453708.jpg
177714,000000177714.jpg,http://images.cocodataset.org/val2017/000000177714.jpg
459887,000000459887.jpg,http://images.cocodataset.org/val2017/000000459887.jpg
155179,000000155179.jpg,http://images.cocodataset.org/val2017/000000155179.jpg
261116,000000261116.jpg,http://images.cocodataset.org/val2017/000000261116.jpg
396274,000000396274.jpg,http://images.cocodataset.org/val2017/000000396274.jpg
29640,000000029640.jpg,http://images.cocodataset.org/val2017/000000029640.jpg
141328,000000141328.jpg,http://images.cocodataset.org/val2017/000000141328.jpg
308430,000000308430.jpg,http://images.cocodataset.org/val2017/000000308430.jpg
43314,000000043314.jpg,http://images.cocodataset.org/val2017/000000043314.jpg
273715,000000273715.jpg,http://images.cocodataset.org/val2017/000000273715.jpg
456303,000000456303.jpg,http://images.cocodataset.org/val2017/000000456303.jpg
406611,000000406611.jpg,http://images.cocodataset.org/val2017/000000406611.jpg
475064,000000475064.jpg,http://images.cocodataset.org/val2017/000000475064.jpg
466567,000000466567.jpg,http://images.cocodataset.org/val2017/000000466567.jpg
137246,000000137246.jpg,http://images.cocodataset.org/val2017/000000137246.jpg
15079,000000015079.jpg,http://images.cocodataset.org/val2017/000000015079.jpg
296284,000000296284.jpg,http://images.cocodataset.org/val2017/000000296284.jpg
226147,000000226147.jpg,http://images.cocodataset.org/val2017/000000226147.jpg
226903,000000226903.jpg,http://images.cocodataset.org/val2017/000000226903.jpg
127517,000000127517.jpg,http://images.cocodataset.org/val2017/000000127517.jpg
162092,000000162092.jpg,http://images.cocodataset.org/val2017/000000162092.jpg
131379,000000131379.jpg,http://images.cocodataset.org/val2017/000000131379.jpg
366611,000000366611.jpg,http://images.cocodataset.org/val2017/000000366611.jpg
263969,000000263969.jpg,http://images.cocodataset.org/val2017/000000263969.jpg
551439,000000551439.jpg,http://images.cocodataset.org/val2017/000000551439.jpg
474167,000000474167.jpg,http://images.cocodataset.org/val2017/000000474167.jpg
159458,000000159458.jpg,http://images.cocodataset.org/val2017/000000159458.jpg
554735,000000554735.jpg,http://images.cocodataset.org/val2017/000000554735.jpg
99428,000000099428.jpg,http://images.cocodataset.org/val2017/000000099428.jpg
386352,000000386352.jpg,http://images.cocodataset.org/val2017/000000386352.jpg
173004,000000173004.jpg,http://images.cocodataset.org/val2017/000000173004.jpg
311394,000000311394.jpg,http://images.cocodataset.org/val2017/000000311394.jpg
578489,000000578489.jpg,http://images.cocodataset.org/val2017/000000578489.jpg
189310,000000189310.jpg,http://images.cocodataset.org/val2017/000000189310.jpg
491366,000000491366.jpg,http://images.cocodataset.org/val2017/000000491366.jpg
448076,000000448076.jpg,http://images.cocodataset.org/val2017/000000448076.jpg
293804,000000293804.jpg,http://images.cocodataset.org/val2017/000000293804.jpg
312237,000000312237.jpg,http://images.cocodataset.org/val2017/000000312237.jpg
221291,000000221291.jpg,http://images.cocodataset.org/val2017/000000221291.jpg
141821,000000141821.jpg,http://images.cocodataset.org/val2017/000000141821.jpg
410650,000000410650.jpg,http://images.cocodataset.org/val2017/000000410650.jpg
199310,000000199310.jpg,http://images.cocodataset.org/val2017/000000199310.jpg
323151,000000323151.jpg,http://images.cocodataset.org/val2017/000000323151.jpg
89648,000000089648.jpg,http://images.cocodataset.org/val2017/000000089648.jpg
219283,000000219283.jpg,http://images.cocodataset.org/val2017/000000219283.jpg
471869,000000471869.jpg,http://images.cocodataset.org/val2017/000000471869.jpg
520264,000000520264.jpg,http://images.cocodataset.org/val2017/000000520264.jpg
111179,000000111179.jpg,http://images.cocodataset.org/val2017/000000111179.jpg
151000,000000151000.jpg,http://images.cocodataset.org/val2017/000000151000.jpg
100624,000000100624.jpg,http://images.cocodataset.org/val2017/000000100624.jpg
332570,000000332570.jpg,http://images.cocodataset.org/val2017/000000332570.jpg
57238,000000057238.jpg,http://images.cocodataset.org/val2017/000000057238.jpg
502732,000000502732.jpg,http://images.cocodataset.org/val2017/000000502732.jpg
135561,000000135561.jpg,http://images.cocodataset.org/val2017/000000135561.jpg
8277,000000008277.jpg,http://images.cocodataset.org/val2017/000000008277.jpg
173044,000000173044.jpg,http://images.cocodataset.org/val2017/000000173044.jpg
168458,000000168458.jpg,http://images.cocodataset.org/val2017/000000168458.jpg
512194,000000512194.jpg,http://images.cocodataset.org/val2017/000000512194.jpg
370042,000000370042.jpg,http://images.cocodataset.org/val2017/000000370042.jpg
189436,000000189436.jpg,http://images.cocodataset.org/val2017/000000189436.jpg
533958,000000533958.jpg,http://images.cocodataset.org/val2017/000000533958.jpg
117645,000000117645.jpg,http://images.cocodataset.org/val2017/000000117645.jpg
221708,000000221708.jpg,http://images.cocodataset.org/val2017/000000221708.jpg
202228,000000202228.jpg,http://images.cocodataset.org/val2017/000000202228.jpg
403565,000000403565.jpg,http://images.cocodataset.org/val2017/000000403565.jpg
211042,000000211042.jpg,http://images.cocodataset.org/val2017/000000211042.jpg
492878,000000492878.jpg,http://images.cocodataset.org/val2017/000000492878.jpg
441586,000000441586.jpg,http://images.cocodataset.org/val2017/000000441586.jpg
547816,000000547816.jpg,http://images.cocodataset.org/val2017/000000547816.jpg
306733,000000306733.jpg,http://images.cocodataset.org/val2017/000000306733.jpg
530099,000000530099.jpg,http://images.cocodataset.org/val2017/000000530099.jpg
312278,000000312278.jpg,http://images.cocodataset.org/val2017/000000312278.jpg
97679,000000097679.jpg,http://images.cocodataset.org/val2017/000000097679.jpg
564127,000000564127.jpg,http://images.cocodataset.org/val2017/000000564127.jpg
251065,000000251065.jpg,http://images.cocodataset.org/val2017/000000251065.jpg
3845,000000003845.jpg,http://images.cocodataset.org/val2017/000000003845.jpg
138819,000000138819.jpg,http://images.cocodataset.org/val2017/000000138819.jpg
205834,000000205834.jpg,http://images.cocodataset.org/val2017/000000205834.jpg
348708,000000348708.jpg,http://images.cocodataset.org/val2017/000000348708.jpg
166521,000000166521.jpg,http://images.cocodataset.org/val2017/000000166521.jpg
485802,000000485802.jpg,http://images.cocodataset.org/val2017/000000485802.jpg
99054,000000099054.jpg,http://images.cocodataset.org/val2017/000000099054.jpg
22969,000000022969.jpg,http://images.cocodataset.org/val2017/000000022969.jpg
570539,000000570539.jpg,http://images.cocodataset.org/val2017/000000570539.jpg
278353,000000278353.jpg,http://images.cocodataset.org/val2017/000000278353.jpg
158548,000000158548.jpg,http://images.cocodataset.org/val2017/000000158548.jpg
461405,000000461405.jpg,http://images.cocodataset.org/val2017/000000461405.jpg
176606,000000176606.jpg,http://images.cocodataset.org/val2017/000000176606.jpg
44699,000000044699.jpg,http://images.cocodataset.org/val2017/000000044699.jpg
559956,000000559956.jpg,http://images.cocodataset.org/val2017/000000559956.jpg
268996,000000268996.jpg,http://images.cocodataset.org/val2017/000000268996.jpg
11197,000000011197.jpg,http://images.cocodataset.org/val2017/000000011197.jpg
483667,000000483667.jpg,http://images.cocodataset.org/val2017/000000483667.jpg
448810,000000448810.jpg,http://images.cocodataset.org/val2017/000000448810.jpg
724,000000000724.jpg,http://images.cocodataset.org/val2017/000000000724.jpg
51961,000000051961.jpg,http://images.cocodataset.org/val2017/000000051961.jpg
375278,000000375278.jpg,http://images.cocodataset.org/val2017/000000375278.jpg
302165,000000302165.jpg,http://images.cocodataset.org/val2017/000000302165.jpg
131131,000000131131.jpg,http://images.cocodataset.org/val2017/000000131131.jpg
98839,000000098839.jpg,http://images.cocodataset.org/val2017/000000098839.jpg
402992,000000402992.jpg,http://images.cocodataset.org/val2017/000000402992.jpg
465675,000000465675.jpg,http://images.cocodataset.org/val2017/000000465675.jpg
240754,000000240754.jpg,http://images.cocodataset.org/val2017/000000240754.jpg
21167,000000021167.jpg,http://images.cocodataset.org/val2017/000000021167.jpg
148730,000000148730.jpg,http://images.cocodataset.org/val2017/000000148730.jpg
384468,000000384468.jpg,http://images.cocodataset.org/val2017/000000384468.jpg
253742,000000253742.jpg,http://images.cocodataset.org/val2017/000000253742.jpg
186873,000000186873.jpg,http://images.cocodataset.org/val2017/000000186873.jpg
82180,000000082180.jpg,http://images.cocodataset.org/val2017/000000082180.jpg
446522,000000446522.jpg,http://images.cocodataset.org/val2017/000000446522.jpg
552902,000000552902.jpg,http://images.cocodataset.org/val2017/000000552902.jpg
125405,000000125405.jpg,http://images.cocodataset.org/val2017/000000125405.jpg
110211,000000110211.jpg,http://images.cocodataset.org/val2017/000000110211.jpg
16010,000000016010.jpg,http://images.cocodataset.org/val2017/000000016010.jpg
64462,000000064462.jpg,http://images.cocodataset.org/val2017/000000064462.jpg
314182,000000314182.jpg,http://images.cocodataset.org/val2017/000000314182.jpg
248980,000000248980.jpg,http://images.cocodataset.org/val2017/000000248980.jpg
68387,000000068387.jpg,http://images.cocodataset.org/val2017/000000068387.jpg
429281,000000429281.jpg,http://images.cocodataset.org/val2017/000000429281.jpg
345466,000000345466.jpg,http://images.cocodataset.org/val2017/000000345466.jpg
352900,000000352900.jpg,http://images.cocodataset.org/val2017/000000352900.jpg
118367,000000118367.jpg,http://images.cocodataset.org/val2017/000000118367.jpg
113235,000000113235.jpg,http://images.cocodataset.org/val2017/000000113235.jpg
311303,000000311303.jpg,http://images.cocodataset.org/val2017/000000311303.jpg
163640,000000163640.jpg,http://images.cocodataset.org/val2017/000000163640.jpg
370999,000000370999.jpg,http://images.cocodataset.org/val2017/000000370999.jpg
1490,000000001490.jpg,http://images.cocodataset.org/val2017/000000001490.jpg
329456,000000329456.jpg,http://images.cocodataset.org/val2017/000000329456.jpg
570471,000000570471.jpg,http://images.cocodataset.org/val2017/000000570471.jpg
88269,000000088269.jpg,http://images.cocodataset.org/val2017/000000088269.jpg
260470,000000260470.jpg,http://images.cocodataset.org/val2017/000000260470.jpg
193494,000000193494.jpg,http://images.cocodataset.org/val2017/000000193494.jpg
252776,000000252776.jpg,http://images.cocodataset.org/val2017/000000252776.jpg
201072,000000201072.jpg,http://images.cocodataset.org/val2017/000000201072.jpg
18150,000000018150.jpg,http://images.cocodataset.org/val2017/000000018150.jpg
337498,000000337498.jpg,http://images.cocodataset.org/val2017/000000337498.jpg
521405,000000521405.jpg,http://images.cocodataset.org/val2017/000000521405.jpg
518770,000000518770.jpg,http://images.cocodataset.org/val2017/000000518770.jpg
201646,000000201646.jpg,http://images.cocodataset.org/val2017/000000201646.jpg
36936,000000036936.jpg,http://images.cocodataset.org/val2017/000000036936.jpg
59044,000000059044.jpg,http://images.cocodataset.org/val2017/000000059044.jpg
172946,000000172946.jpg,http://images.cocodataset.org/val2017/000000172946.jpg
234607,000000234607.jpg,http://images.cocodataset.org/val2017/000000234607.jpg
532690,000000532690.jpg,http://images.cocodataset.org/val2017/000000532690.jpg
323895,000000323895.jpg,http://images.cocodataset.org/val2017/000000323895.jpg
384670,000000384670.jpg,http://images.cocodataset.org/val2017/000000384670.jpg
50326,000000050326.jpg,http://images.cocodataset.org/val2017/000000050326.jpg
205542,000000205542.jpg,http://images.cocodataset.org/val2017/000000205542.jpg
217957,000000217957.jpg,http://images.cocodataset.org/val2017/000000217957.jpg
162035,000000162035.jpg,http://images.cocodataset.org/val2017/000000162035.jpg
415727,000000415727.jpg,http://images.cocodataset.org/val2017/000000415727.jpg
46252,000000046252.jpg,http://images.cocodataset.org/val2017/000000046252.jpg
182021,000000182021.jpg,http://images.cocodataset.org/val2017/000000182021.jpg
231747,000000231747.jpg,http://images.cocodataset.org/val2017/000000231747.jpg
90284,000000090284.jpg,http://images.cocodataset.org/val2017/000000090284.jpg
286553,000000286553.jpg,http://images.cocodataset.org/val2017/000000286553.jpg
488736,000000488736.jpg,http://images.cocodataset.org/val2017/000000488736.jpg
63602,000000063602.jpg,http://images.cocodataset.org/val2017/000000063602.jpg
383386,000000383386.jpg,http://images.cocodataset.org/val2017/000000383386.jpg
450686,000000450686.jpg,http://images.cocodataset.org/val2017/000000450686.jpg
5060,000000005060.jpg,http://images.cocodataset.org/val2017/000000005060.jpg
286523,000000286523.jpg,http://images.cocodataset.org/val2017/000000286523.jpg
120420,000000120420.jpg,http://images.cocodataset.org/val2017/000000120420.jpg
579655,000000579655.jpg,http://images.cocodataset.org/val2017/000000579655.jpg
117908,000000117908.jpg,http://images.cocodataset.org/val2017/000000117908.jpg
550322,000000550322.jpg,http://images.cocodataset.org/val2017/000000550322.jpg
322844,000000322844.jpg,http://images.cocodataset.org/val2017/000000322844.jpg
218362,000000218362.jpg,http://images.cocodataset.org/val2017/000000218362.jpg
213224,000000213224.jpg,http://images.cocodataset.org/val2017/000000213224.jpg
223747,000000223747.jpg,http://images.cocodataset.org/val2017/000000223747.jpg
297578,000000297578.jpg,http://images.cocodataset.org/val2017/000000297578.jpg
458992,000000458992.jpg,http://images.cocodataset.org/val2017/000000458992.jpg
78266,000000078266.jpg,http://images.cocodataset.org/val2017/000000078266.jpg
164602,000000164602.jpg,http://images.cocodataset.org/val2017/000000164602.jpg
440475,000000440475.jpg,http://images.cocodataset.org/val2017/000000440475.jpg
101762,000000101762.jpg,http://images.cocodataset.org/val2017/000000101762.jpg
557501,000000557501.jpg,http://images.cocodataset.org/val2017/000000557501.jpg
203317,000000203317.jpg,http://images.cocodataset.org/val2017/000000203317.jpg
368940,000000368940.jpg,http://images.cocodataset.org/val2017/000000368940.jpg
569917,000000569917.jpg,http://images.cocodataset.org/val2017/000000569917.jpg
144798,000000144798.jpg,http://images.cocodataset.org/val2017/000000144798.jpg
284623,000000284623.jpg,http://images.cocodataset.org/val2017/000000284623.jpg
520301,000000520301.jpg,http://images.cocodataset.org/val2017/000000520301.jpg
127987,000000127987.jpg,http://images.cocodataset.org/val2017/000000127987.jpg
63740,000000063740.jpg,http://images.cocodataset.org/val2017/000000063740.jpg
36494,000000036494.jpg,http://images.cocodataset.org/val2017/000000036494.jpg
210032,000000210032.jpg,http://images.cocodataset.org/val2017/000000210032.jpg
