LabelName,DisplayName
/m/0mkg,Accordion
/m/0jbk,Animal
/m/052lwg6,Baked goods
/m/0l3ms,Balance beam
/m/018xm,Ball
/m/018j2,Banjo
/m/03g8mr,Baseball bat
/m/03grzl,Baseball glove
/m/03ssj5,Bed
/m/01h3n,Bee
/m/01gllr,Beehive
/m/01599,Beer
/m/0176mf,Belt
/m/0199g,Bicycle
/m/03p3bw,Bicycle helmet
/m/01bqk0,Bicycle wheel
/m/04p0qw,Billiard table
/m/015p6,Bird
/m/019jd,Boat
/m/0bt_c3,Book
/m/03__z0,Bookcase
/m/01b638,Boot
/m/04dr76w,Bottle
/m/01g3x7,Bow and arrow
/m/04kkgm,Bowl
/m/01bl7v,Boy
/m/01gmv2,Brassiere
/m/09728,Bread
/m/0cgh4,Building
/m/01bjv,Bus
/m/01s105,Cabinetry
/m/0fszt,Cake
/m/0dv5r,Camera
/m/0ph39,Canoe
/m/0k4j,Car
/m/018p4k,Cart
/m/01yrx,Cat
/m/01xqw,Cello
/m/01mzpv,Chair
/m/05kyg_,Chest of drawers
/m/01_5g,Chopsticks
/m/09j2d,Clothing
/m/01xygc,Coat
/m/024g6,Cocktail
/m/0djtd,Coconut
/m/02vqfm,Coffee
/m/02p5f1q,Coffee cup
/m/078n6m,Coffee table
/m/01m2v,Computer keyboard
/m/02522,Computer monitor
/m/02crq1,Couch
/m/0b3fp9,Countertop
/m/025rp__,Cowboy hat
/m/0nl46,Crown
/m/0642b4,Cupboard
/m/03rszm,Curtain
/m/0284d,Dairy Product
/m/01y9k5,Desk
/m/0bt9lr,Dog
/m/02dgv,Door
/m/0fqfqc,Drawer
/m/01d40f,Dress
/m/0271t,Drink
/m/026t6,Drum
/m/01r546,Earrings
/m/0463sg,Fashion accessory
/m/01_bhs,Fast food
/m/02fq_6,Fedora
/m/0c9ph5,Flower
/m/0fm3zh,Flowerpot
/m/02wmf,Flying disc
/m/02wbm,Food
/m/01226z,Football
/m/07qxg_,Football helmet
/m/09j5n,Footwear
/m/0319l,French horn
/m/02xwb,Fruit
/m/0c_jw,Furniture
/m/05r655,Girl
/m/0jyfg,Glasses
/m/02_n6y,Goggles
/m/02068x,Gondola
/m/0388q,Grape
/m/0hqkz,Grapefruit
/m/0342h,Guitar
/m/080hkjn,Handbag
/m/02dl1y,Hat
/m/0zvk5,Helmet
/m/06k2mb,High heels
/m/0268lbt,Hiking equipment
/m/019dx1,Home appliance
/m/0fz0h,Honeycomb
/m/03k3r,Horse
/m/03jm5,House
/m/03fp41,Houseplant
/m/0dzf4,Human arm
/m/015h_t,Human beard
/m/02p0tk3,Human body
/m/039xj_,Human ear
/m/014sv8,Human eye
/m/0dzct,Human face
/m/031n1,Human foot
/m/03q69,Human hair
/m/0k65p,Human hand
/m/04hgtk,Human head
/m/035r7c,Human leg
/m/0283dt1,Human mouth
/m/0k0pj,Human nose
/m/061hd_,Infant bed
/m/032b3c,Jacket
/m/0fly7,Jeans
/m/03s_tn,Kettle
/m/0h8n5zk,Kitchen & dining room table
/m/0h99cwc,Kitchen appliance
/m/01prls,Land vehicle
/m/09k_b,Lemon
/m/0jqgx,Lily
/m/06c7f7,Lipstick
/m/0703r8,Loveseat
/m/04rky,Mammal
/m/04yx4,Man
/m/0hg7b,Microphone
/m/0fx9l,Microwave oven
/m/04zpv,Milk
/m/01cmb2,Miniskirt
/m/050k8,Mobile phone
/m/04_sv,Motorcycle
/m/02jvh9,Mug
/m/04szw,Musical instrument
/m/057cc,Musical keyboard
/m/01llwg,Necklace
/m/021sj1,Office building
/m/02rdsp,Office supplies
/m/014y4n,Paddle
/m/0cdl1,Palm tree
/m/0hnyx,Pastry
/m/0dj6p,Peach
/m/01g317,Person
/m/034c16,Pillow
/m/05s2s,Plant
/m/050gv4,Plate
/m/099ssp,Platter
/m/0dv9c,Racket
/m/06c54,Rifle
/m/02p3w7d,Roller skates
/m/06m11,Rose
/m/0wdt60w,Rugby ball
/m/03nfch,Sandal
/m/03q5c7,Saucer
/m/06ncr,Saxophone
/m/02h19r,Scarf
/m/06nwz,Seafood
/m/076bq,Segway
/m/0gjbg72,Shelf
/m/01n4qj,Shirt
/m/01bfm9,Shorts
/m/06nrc,Shotgun
/m/06_fw,Skateboard
/m/01ww8y,Snack
/m/03m3pdh,Sofa bed
/m/02jfl0,Sombrero
/m/0cmx8,Spoon
/m/05y5lj,Sports equipment
/m/0h8mhzd,Sports uniform
/m/07fbm7,Strawberry
/m/02lbcq,Stretcher
/m/026qbn5,Studio couch
/m/01xyhv,Suit
/m/02wbtzl,Sun hat
/m/017ftj,Sunglasses
/m/019w40,Surfboard
/m/07030,Sushi
/m/04tn4x,Swim cap
/m/0b_rs,Swimming pool
/m/01gkx_,Swimwear
/m/04bcr3,Table
/m/05_5p_0,Table tennis racket
/m/04brg2,Tableware
/m/02zvsm,Tart
/m/07clx,Tea
/m/01fh4r,Teapot
/m/0h8my_4,Tennis racket
/m/01krhy,Tiara
/m/01rkbr,Tie
/m/0h9mv,Tire
/m/0138tl,Toy
/m/07jdr,Train
/m/07j7r,Tree
/m/02wg_p,Tree house
/m/073bxn,Tripod
/m/07c6l,Trombone
/m/07mhn,Trousers
/m/07gql,Trumpet
/m/0f6nr,Unicycle
/m/02s195,Vase
/m/0f4s2w,Vegetable
/m/07yv9,Vehicle
/m/07y_7,Violin
/m/02rgn06,Volleyball (Ball)
/m/01rzcn,Watercraft
/m/083kb,Weapon
/m/083wq,Wheel
/m/0qmmr,Wheelchair
/m/02d9qx,Whiteboard
/m/0d4v4,Window
/m/081qc,Wine
/m/09tvcd,Wine glass
/m/084rd,Wok
/m/03bt1vf,Woman
