class_name,count
man,215
window,210
shirt,138
wall,123
person,118
tree,118
sign,102
ground,99
sky,97
hand,92
pole,90
head,88
building,87
light,77
table,73
grass,72
leg,72
hair,65
trees,62
car,60
woman,59
people,55
chair,53
leaves,53
shadow,52
windows,52
line,51
pants,51
fence,50
clouds,50
ear,50
wheel,48
floor,47
letter,47
shoe,47
water,46
jacket,46
number,46
road,42
stripe,42
door,40
hat,40
cloud,38
eye,38
handle,36
clock,36
foot,36
snow,33
arm,33
nose,33
tail,32
sidewalk,31
plate,31
boy,29
face,29
boat,29
helmet,28
shorts,27
pillow,26
bag,26
horse,25
legs,25
reflection,24
post,24
umbrella,23
picture,23
jeans,23
dirt,23
cheese,23
mouth,22
girl,21
cup,21
writing,21
motorcycle,21
tile,21
food,20
bottle,20
neck,20
background,20
field,20
mirror,20
glove,20
logo,20
plant,19
box,19
wood,19
boot,19
spot,19
glasses,19
button,19
lights,18
shoes,18
bike,18
sock,18
part,18
street,17
tracks,17
uniform,17
laptop,17
bushes,17
glass,16
ceiling,16
candle,16
bench,16
design,16
back,16
bus,16
cap,16
kite,16
phone,16
bananas,16
flower,15
tire,15
windshield,15
corner,15
dog,15
counter,15
top,15
edge,15
skateboard,15
coat,15
flag,15
roof,14
cabinets,14
frisbee,14
truck,14
cabinet,13
bed,13
circle,13
track,13
ball,13
arrow,13
hill,13
animal,13
container,13
frame,13
lamp,12
cord,12
tower,12
flowers,12
bowl,12
sunglasses,12
wires,12
bicycle,12
lines,12
board,12
seat,12
headlight,12
air,12
giraffe,12
