image_id,url,width,height,coco_id
83,https://cs.stanford.edu/people/rak248/VG_100K_2/83.jpg,800,534,
347,https://cs.stanford.edu/people/rak248/VG_100K_2/347.jpg,600,450,
532,https://cs.stanford.edu/people/rak248/VG_100K_2/532.jpg,800,600,
1045,https://cs.stanford.edu/people/rak248/VG_100K_2/1045.jpg,800,530,
1139,https://cs.stanford.edu/people/rak248/VG_100K_2/1139.jpg,250,312,
1716,https://cs.stanford.edu/people/rak248/VG_100K_2/1716.jpg,800,600,
2159,https://cs.stanford.edu/people/rak248/VG_100K_2/2159.jpg,800,600,
2813,https://cs.stanford.edu/people/rak248/VG_100K_2/2813.jpg,800,534,
3040,https://cs.stanford.edu/people/rak248/VG_100K_2/3040.jpg,800,600,
3575,https://cs.stanford.edu/people/rak248/VG_100K_2/3575.jpg,800,600,
3781,https://cs.stanford.edu/people/rak248/VG_100K_2/3781.jpg,600,800,
4218,https://cs.stanford.edu/people/rak248/VG_100K_2/4218.jpg,400,265,
4434,https://cs.stanford.edu/people/rak248/VG_100K_2/4434.jpg,450,337,
4483,https://cs.stanford.edu/people/rak248/VG_100K_2/4483.jpg,534,599,
4525,https://cs.stanford.edu/people/rak248/VG_100K_2/4525.jpg,575,381,
285666,https://cs.stanford.edu/people/rak248/VG_100K/285666.jpg,714,1024,181007.0
497981,https://cs.stanford.edu/people/rak248/VG_100K/497981.jpg,683,1024,
498311,https://cs.stanford.edu/people/rak248/VG_100K/498311.jpg,1024,768,
713027,https://cs.stanford.edu/people/rak248/VG_100K/713027.jpg,1024,674,
713431,https://cs.stanford.edu/people/rak248/VG_100K/713431.jpg,1024,680,
713491,https://cs.stanford.edu/people/rak248/VG_100K/713491.jpg,1024,721,
1159279,https://cs.stanford.edu/people/rak248/VG_100K/1159279.jpg,1024,768,281601.0
1159540,https://cs.stanford.edu/people/rak248/VG_100K/1159540.jpg,1024,768,
1159694,https://cs.stanford.edu/people/rak248/VG_100K/1159694.jpg,768,1024,
1159744,https://cs.stanford.edu/people/rak248/VG_100K/1159744.jpg,1024,683,
1159873,https://cs.stanford.edu/people/rak248/VG_100K/1159873.jpg,818,1024,
1159972,https://cs.stanford.edu/people/rak248/VG_100K/1159972.jpg,1024,676,208067.0
1159995,https://cs.stanford.edu/people/rak248/VG_100K/1159995.jpg,1024,738,
1160034,https://cs.stanford.edu/people/rak248/VG_100K/1160034.jpg,681,1024,
1591822,https://cs.stanford.edu/people/rak248/VG_100K/1591822.jpg,1024,768,
1591881,https://cs.stanford.edu/people/rak248/VG_100K/1591881.jpg,1024,678,195510.0
1592256,https://cs.stanford.edu/people/rak248/VG_100K/1592256.jpg,1024,683,427180.0
1592323,https://cs.stanford.edu/people/rak248/VG_100K/1592323.jpg,1024,690,
1592611,https://cs.stanford.edu/people/rak248/VG_100K/1592611.jpg,1024,683,
1592779,https://cs.stanford.edu/people/rak248/VG_100K/1592779.jpg,1200,800,268396.0
1592852,https://cs.stanford.edu/people/rak248/VG_100K/1592852.jpg,1024,768,354500.0
1592930,https://cs.stanford.edu/people/rak248/VG_100K/1592930.jpg,768,1024,
1593021,https://cs.stanford.edu/people/rak248/VG_100K/1593021.jpg,1024,794,
1593068,https://cs.stanford.edu/people/rak248/VG_100K/1593068.jpg,1024,683,162813.0
1593241,https://cs.stanford.edu/people/rak248/VG_100K/1593241.jpg,1024,768,195998.0
1593259,https://cs.stanford.edu/people/rak248/VG_100K/1593259.jpg,1024,680,
2315399,https://cs.stanford.edu/people/rak248/VG_100K/2315399.jpg,500,334,459809.0
2315969,https://cs.stanford.edu/people/rak248/VG_100K/2315969.jpg,500,334,
2316439,https://cs.stanford.edu/people/rak248/VG_100K/2316439.jpg,500,375,520902.0
2316445,https://cs.stanford.edu/people/rak248/VG_100K/2316445.jpg,375,500,
2316585,https://cs.stanford.edu/people/rak248/VG_100K/2316585.jpg,500,375,149881.0
2316628,https://cs.stanford.edu/people/rak248/VG_100K/2316628.jpg,500,375,
2316897,https://cs.stanford.edu/people/rak248/VG_100K/2316897.jpg,500,333,
2317399,https://cs.stanford.edu/people/rak248/VG_100K/2317399.jpg,500,285,
2317578,https://cs.stanford.edu/people/rak248/VG_100K/2317578.jpg,375,500,143445.0
2318115,https://cs.stanford.edu/people/rak248/VG_100K/2318115.jpg,500,334,
2318369,https://cs.stanford.edu/people/rak248/VG_100K/2318369.jpg,500,333,167017.0
2318440,https://cs.stanford.edu/people/rak248/VG_100K/2318440.jpg,500,375,
2318496,https://cs.stanford.edu/people/rak248/VG_100K/2318496.jpg,500,333,521301.0
2318583,https://cs.stanford.edu/people/rak248/VG_100K/2318583.jpg,500,333,
2318913,https://cs.stanford.edu/people/rak248/VG_100K/2318913.jpg,500,335,
2318942,https://cs.stanford.edu/people/rak248/VG_100K/2318942.jpg,500,386,361145.0
2319079,https://cs.stanford.edu/people/rak248/VG_100K/2319079.jpg,500,432,12597.0
2319149,https://cs.stanford.edu/people/rak248/VG_100K/2319149.jpg,500,500,
2319501,https://cs.stanford.edu/people/rak248/VG_100K/2319501.jpg,375,500,193954.0
2319669,https://cs.stanford.edu/people/rak248/VG_100K/2319669.jpg,500,333,471113.0
2319710,https://cs.stanford.edu/people/rak248/VG_100K/2319710.jpg,500,332,
2320251,https://cs.stanford.edu/people/rak248/VG_100K/2320251.jpg,500,333,67572.0
2320648,https://cs.stanford.edu/people/rak248/VG_100K/2320648.jpg,500,334,
2320698,https://cs.stanford.edu/people/rak248/VG_100K/2320698.jpg,500,375,60526.0
2320927,https://cs.stanford.edu/people/rak248/VG_100K/2320927.jpg,333,500,199196.0
2320957,https://cs.stanford.edu/people/rak248/VG_100K/2320957.jpg,500,333,
2321001,https://cs.stanford.edu/people/rak248/VG_100K/2321001.jpg,500,375,
2321381,https://cs.stanford.edu/people/rak248/VG_100K/2321381.jpg,500,375,27980.0
2322129,https://cs.stanford.edu/people/rak248/VG_100K/2322129.jpg,275,500,333691.0
2322284,https://cs.stanford.edu/people/rak248/VG_100K/2322284.jpg,500,447,193474.0
2322814,https://cs.stanford.edu/people/rak248/VG_100K/2322814.jpg,375,500,
2322943,https://cs.stanford.edu/people/rak248/VG_100K/2322943.jpg,500,375,
2323305,https://cs.stanford.edu/people/rak248/VG_100K/2323305.jpg,500,333,372514.0
2323847,https://cs.stanford.edu/people/rak248/VG_100K/2323847.jpg,500,333,2833.0
2324675,https://cs.stanford.edu/people/rak248/VG_100K/2324675.jpg,500,333,
2324842,https://cs.stanford.edu/people/rak248/VG_100K/2324842.jpg,500,405,
2324854,https://cs.stanford.edu/people/rak248/VG_100K/2324854.jpg,333,500,141962.0
2324932,https://cs.stanford.edu/people/rak248/VG_100K/2324932.jpg,500,375,325891.0
2325308,https://cs.stanford.edu/people/rak248/VG_100K/2325308.jpg,334,500,128117.0
2326698,https://cs.stanford.edu/people/rak248/VG_100K/2326698.jpg,500,375,147568.0
2326699,https://cs.stanford.edu/people/rak248/VG_100K/2326699.jpg,500,333,
2326969,https://cs.stanford.edu/people/rak248/VG_100K/2326969.jpg,333,500,
2327066,https://cs.stanford.edu/people/rak248/VG_100K/2327066.jpg,500,332,
2327344,https://cs.stanford.edu/people/rak248/VG_100K/2327344.jpg,500,310,29793.0
2327444,https://cs.stanford.edu/people/rak248/VG_100K/2327444.jpg,500,328,464130.0
2327650,https://cs.stanford.edu/people/rak248/VG_100K/2327650.jpg,500,479,470588.0
2327696,https://cs.stanford.edu/people/rak248/VG_100K/2327696.jpg,500,375,309406.0
2327918,https://cs.stanford.edu/people/rak248/VG_100K/2327918.jpg,500,343,119710.0
2328070,https://cs.stanford.edu/people/rak248/VG_100K/2328070.jpg,500,500,
2328175,https://cs.stanford.edu/people/rak248/VG_100K/2328175.jpg,500,375,
2328345,https://cs.stanford.edu/people/rak248/VG_100K/2328345.jpg,500,375,196156.0
2328417,https://cs.stanford.edu/people/rak248/VG_100K/2328417.jpg,500,297,55074.0
2328583,https://cs.stanford.edu/people/rak248/VG_100K/2328583.jpg,500,375,
2329266,https://cs.stanford.edu/people/rak248/VG_100K/2329266.jpg,500,333,
2330342,https://cs.stanford.edu/people/rak248/VG_100K/2330342.jpg,375,500,
2331047,https://cs.stanford.edu/people/rak248/VG_100K/2331047.jpg,375,500,304012.0
2331383,https://cs.stanford.edu/people/rak248/VG_100K/2331383.jpg,500,375,7150.0
2331993,https://cs.stanford.edu/people/rak248/VG_100K/2331993.jpg,332,500,
2332038,https://cs.stanford.edu/people/rak248/VG_100K/2332038.jpg,500,333,188854.0
2332066,https://cs.stanford.edu/people/rak248/VG_100K/2332066.jpg,500,333,
2332239,https://cs.stanford.edu/people/rak248/VG_100K/2332239.jpg,375,500,143749.0
2332341,https://cs.stanford.edu/people/rak248/VG_100K/2332341.jpg,330,500,112359.0
2333282,https://cs.stanford.edu/people/rak248/VG_100K/2333282.jpg,375,500,
2333291,https://cs.stanford.edu/people/rak248/VG_100K/2333291.jpg,375,500,578427.0
2333601,https://cs.stanford.edu/people/rak248/VG_100K/2333601.jpg,333,500,
2334041,https://cs.stanford.edu/people/rak248/VG_100K/2334041.jpg,333,500,303499.0
2334757,https://cs.stanford.edu/people/rak248/VG_100K/2334757.jpg,500,375,534787.0
2334959,https://cs.stanford.edu/people/rak248/VG_100K/2334959.jpg,500,375,
2335066,https://cs.stanford.edu/people/rak248/VG_100K/2335066.jpg,377,500,
2335180,https://cs.stanford.edu/people/rak248/VG_100K/2335180.jpg,500,375,210401.0
2335341,https://cs.stanford.edu/people/rak248/VG_100K/2335341.jpg,500,375,571850.0
2335407,https://cs.stanford.edu/people/rak248/VG_100K/2335407.jpg,430,469,
2335564,https://cs.stanford.edu/people/rak248/VG_100K/2335564.jpg,333,500,
2335895,https://cs.stanford.edu/people/rak248/VG_100K/2335895.jpg,500,281,
2336031,https://cs.stanford.edu/people/rak248/VG_100K/2336031.jpg,334,500,
2336123,https://cs.stanford.edu/people/rak248/VG_100K/2336123.jpg,332,500,396112.0
2336165,https://cs.stanford.edu/people/rak248/VG_100K/2336165.jpg,500,500,138234.0
2336245,https://cs.stanford.edu/people/rak248/VG_100K/2336245.jpg,500,333,
2336275,https://cs.stanford.edu/people/rak248/VG_100K/2336275.jpg,500,334,
2336668,https://cs.stanford.edu/people/rak248/VG_100K/2336668.jpg,500,376,179875.0
2336871,https://cs.stanford.edu/people/rak248/VG_100K/2336871.jpg,500,289,167811.0
2337319,https://cs.stanford.edu/people/rak248/VG_100K/2337319.jpg,500,375,
2337466,https://cs.stanford.edu/people/rak248/VG_100K/2337466.jpg,500,500,
2337482,https://cs.stanford.edu/people/rak248/VG_100K/2337482.jpg,500,375,386712.0
2337637,https://cs.stanford.edu/people/rak248/VG_100K/2337637.jpg,375,500,
2338009,https://cs.stanford.edu/people/rak248/VG_100K/2338009.jpg,500,333,572168.0
2338027,https://cs.stanford.edu/people/rak248/VG_100K/2338027.jpg,500,333,
2338369,https://cs.stanford.edu/people/rak248/VG_100K/2338369.jpg,500,375,
2338540,https://cs.stanford.edu/people/rak248/VG_100K/2338540.jpg,333,500,
2338778,https://cs.stanford.edu/people/rak248/VG_100K/2338778.jpg,500,333,383641.0
2338877,https://cs.stanford.edu/people/rak248/VG_100K/2338877.jpg,500,375,575978.0
2338982,https://cs.stanford.edu/people/rak248/VG_100K/2338982.jpg,375,500,
2339184,https://cs.stanford.edu/people/rak248/VG_100K/2339184.jpg,500,334,253122.0
2339493,https://cs.stanford.edu/people/rak248/VG_100K/2339493.jpg,500,333,
2339752,https://cs.stanford.edu/people/rak248/VG_100K/2339752.jpg,393,500,437797.0
2339763,https://cs.stanford.edu/people/rak248/VG_100K/2339763.jpg,500,333,311773.0
2339984,https://cs.stanford.edu/people/rak248/VG_100K/2339984.jpg,500,500,
2340059,https://cs.stanford.edu/people/rak248/VG_100K/2340059.jpg,500,332,573975.0
2340282,https://cs.stanford.edu/people/rak248/VG_100K/2340282.jpg,500,374,578805.0
2340394,https://cs.stanford.edu/people/rak248/VG_100K/2340394.jpg,278,500,
2340552,https://cs.stanford.edu/people/rak248/VG_100K/2340552.jpg,413,500,
2340775,https://cs.stanford.edu/people/rak248/VG_100K/2340775.jpg,376,500,394759.0
2342080,https://cs.stanford.edu/people/rak248/VG_100K/2342080.jpg,500,375,361334.0
2342353,https://cs.stanford.edu/people/rak248/VG_100K/2342353.jpg,375,500,145189.0
2342444,https://cs.stanford.edu/people/rak248/VG_100K/2342444.jpg,500,333,
2342599,https://cs.stanford.edu/people/rak248/VG_100K/2342599.jpg,500,375,
2342650,https://cs.stanford.edu/people/rak248/VG_100K/2342650.jpg,500,375,240414.0
2342674,https://cs.stanford.edu/people/rak248/VG_100K/2342674.jpg,346,500,109753.0
2342695,https://cs.stanford.edu/people/rak248/VG_100K/2342695.jpg,500,375,236721.0
2342749,https://cs.stanford.edu/people/rak248/VG_100K/2342749.jpg,500,333,205945.0
2342915,https://cs.stanford.edu/people/rak248/VG_100K/2342915.jpg,500,375,166621.0
2342937,https://cs.stanford.edu/people/rak248/VG_100K/2342937.jpg,500,333,32456.0
2343037,https://cs.stanford.edu/people/rak248/VG_100K/2343037.jpg,500,333,27495.0
2343345,https://cs.stanford.edu/people/rak248/VG_100K/2343345.jpg,311,500,
2344045,https://cs.stanford.edu/people/rak248/VG_100K/2344045.jpg,500,331,
2344446,https://cs.stanford.edu/people/rak248/VG_100K/2344446.jpg,375,500,262579.0
2344459,https://cs.stanford.edu/people/rak248/VG_100K/2344459.jpg,500,336,
2344493,https://cs.stanford.edu/people/rak248/VG_100K/2344493.jpg,500,292,
2344534,https://cs.stanford.edu/people/rak248/VG_100K/2344534.jpg,375,500,
2344546,https://cs.stanford.edu/people/rak248/VG_100K/2344546.jpg,500,500,6075.0
2345476,https://cs.stanford.edu/people/rak248/VG_100K/2345476.jpg,500,334,197576.0
2346047,https://cs.stanford.edu/people/rak248/VG_100K/2346047.jpg,500,332,
2346565,https://cs.stanford.edu/people/rak248/VG_100K/2346565.jpg,500,332,85827.0
2346611,https://cs.stanford.edu/people/rak248/VG_100K/2346611.jpg,500,281,346083.0
2347057,https://cs.stanford.edu/people/rak248/VG_100K/2347057.jpg,500,375,101246.0
2347297,https://cs.stanford.edu/people/rak248/VG_100K/2347297.jpg,500,330,
2348575,https://cs.stanford.edu/people/rak248/VG_100K/2348575.jpg,500,399,
2349159,https://cs.stanford.edu/people/rak248/VG_100K/2349159.jpg,500,319,
2349416,https://cs.stanford.edu/people/rak248/VG_100K/2349416.jpg,333,500,
2349496,https://cs.stanford.edu/people/rak248/VG_100K/2349496.jpg,500,357,384949.0
2349564,https://cs.stanford.edu/people/rak248/VG_100K/2349564.jpg,500,332,
2349670,https://cs.stanford.edu/people/rak248/VG_100K/2349670.jpg,500,332,219525.0
2349796,https://cs.stanford.edu/people/rak248/VG_100K/2349796.jpg,500,375,472041.0
2350875,https://cs.stanford.edu/people/rak248/VG_100K/2350875.jpg,500,245,
2350894,https://cs.stanford.edu/people/rak248/VG_100K/2350894.jpg,333,500,404839.0
2351741,https://cs.stanford.edu/people/rak248/VG_100K/2351741.jpg,500,374,
2352582,https://cs.stanford.edu/people/rak248/VG_100K/2352582.jpg,500,333,
2352788,https://cs.stanford.edu/people/rak248/VG_100K/2352788.jpg,374,500,497661.0
2352954,https://cs.stanford.edu/people/rak248/VG_100K/2352954.jpg,500,333,546511.0
2353074,https://cs.stanford.edu/people/rak248/VG_100K/2353074.jpg,500,327,88388.0
2353084,https://cs.stanford.edu/people/rak248/VG_100K/2353084.jpg,340,500,
2353616,https://cs.stanford.edu/people/rak248/VG_100K/2353616.jpg,363,500,
2355068,https://cs.stanford.edu/people/rak248/VG_100K/2355068.jpg,500,334,
2355207,https://cs.stanford.edu/people/rak248/VG_100K/2355207.jpg,375,500,531404.0
2355714,https://cs.stanford.edu/people/rak248/VG_100K/2355714.jpg,500,317,293324.0
2356074,https://cs.stanford.edu/people/rak248/VG_100K/2356074.jpg,500,280,28290.0
2356121,https://cs.stanford.edu/people/rak248/VG_100K/2356121.jpg,337,500,
2356259,https://cs.stanford.edu/people/rak248/VG_100K/2356259.jpg,500,375,
2356511,https://cs.stanford.edu/people/rak248/VG_100K/2356511.jpg,500,442,
2357259,https://cs.stanford.edu/people/rak248/VG_100K/2357259.jpg,500,374,494550.0
2357707,https://cs.stanford.edu/people/rak248/VG_100K/2357707.jpg,500,375,466305.0
2357774,https://cs.stanford.edu/people/rak248/VG_100K/2357774.jpg,500,334,
2358408,https://cs.stanford.edu/people/rak248/VG_100K/2358408.jpg,500,375,
2358470,https://cs.stanford.edu/people/rak248/VG_100K/2358470.jpg,499,374,351989.0
2358536,https://cs.stanford.edu/people/rak248/VG_100K/2358536.jpg,500,299,
2358600,https://cs.stanford.edu/people/rak248/VG_100K/2358600.jpg,500,335,
2358626,https://cs.stanford.edu/people/rak248/VG_100K/2358626.jpg,375,500,121754.0
2358828,https://cs.stanford.edu/people/rak248/VG_100K/2358828.jpg,374,500,
2359262,https://cs.stanford.edu/people/rak248/VG_100K/2359262.jpg,373,500,
2360042,https://cs.stanford.edu/people/rak248/VG_100K/2360042.jpg,500,375,
2360765,https://cs.stanford.edu/people/rak248/VG_100K/2360765.jpg,500,375,307894.0
2361228,https://cs.stanford.edu/people/rak248/VG_100K/2361228.jpg,500,343,
2361287,https://cs.stanford.edu/people/rak248/VG_100K/2361287.jpg,299,500,
2361514,https://cs.stanford.edu/people/rak248/VG_100K/2361514.jpg,333,500,535218.0
2361531,https://cs.stanford.edu/people/rak248/VG_100K/2361531.jpg,500,349,280999.0
2361736,https://cs.stanford.edu/people/rak248/VG_100K/2361736.jpg,400,500,429226.0
2361898,https://cs.stanford.edu/people/rak248/VG_100K/2361898.jpg,500,334,
2362268,https://cs.stanford.edu/people/rak248/VG_100K/2362268.jpg,500,333,
2362364,https://cs.stanford.edu/people/rak248/VG_100K/2362364.jpg,500,476,339498.0
2362923,https://cs.stanford.edu/people/rak248/VG_100K/2362923.jpg,500,333,
2364039,https://cs.stanford.edu/people/rak248/VG_100K/2364039.jpg,500,332,
2364080,https://cs.stanford.edu/people/rak248/VG_100K/2364080.jpg,500,500,
2364407,https://cs.stanford.edu/people/rak248/VG_100K/2364407.jpg,500,334,
2364413,https://cs.stanford.edu/people/rak248/VG_100K/2364413.jpg,500,332,310277.0
2364445,https://cs.stanford.edu/people/rak248/VG_100K/2364445.jpg,375,500,
2364508,https://cs.stanford.edu/people/rak248/VG_100K/2364508.jpg,500,333,148901.0
2364565,https://cs.stanford.edu/people/rak248/VG_100K/2364565.jpg,344,500,
2364584,https://cs.stanford.edu/people/rak248/VG_100K/2364584.jpg,500,335,102056.0
2364645,https://cs.stanford.edu/people/rak248/VG_100K/2364645.jpg,500,333,344654.0
2365315,https://cs.stanford.edu/people/rak248/VG_100K/2365315.jpg,500,375,
2365681,https://cs.stanford.edu/people/rak248/VG_100K/2365681.jpg,500,334,25917.0
2366193,https://cs.stanford.edu/people/rak248/VG_100K/2366193.jpg,500,333,
2366660,https://cs.stanford.edu/people/rak248/VG_100K/2366660.jpg,375,500,
2367354,https://cs.stanford.edu/people/rak248/VG_100K/2367354.jpg,500,333,
2368110,https://cs.stanford.edu/people/rak248/VG_100K/2368110.jpg,500,375,237759.0
2368192,https://cs.stanford.edu/people/rak248/VG_100K/2368192.jpg,500,375,434338.0
2368508,https://cs.stanford.edu/people/rak248/VG_100K/2368508.jpg,334,500,139749.0
2368774,https://cs.stanford.edu/people/rak248/VG_100K/2368774.jpg,500,333,500420.0
2368817,https://cs.stanford.edu/people/rak248/VG_100K/2368817.jpg,500,375,333240.0
2368996,https://cs.stanford.edu/people/rak248/VG_100K/2368996.jpg,500,333,380912.0
2369534,https://cs.stanford.edu/people/rak248/VG_100K/2369534.jpg,320,240,319781.0
2369615,https://cs.stanford.edu/people/rak248/VG_100K/2369615.jpg,500,333,
2370016,https://cs.stanford.edu/people/rak248/VG_100K/2370016.jpg,500,333,
2370071,https://cs.stanford.edu/people/rak248/VG_100K/2370071.jpg,500,365,136170.0
2370681,https://cs.stanford.edu/people/rak248/VG_100K/2370681.jpg,334,500,
2370826,https://cs.stanford.edu/people/rak248/VG_100K/2370826.jpg,500,281,343257.0
2371479,https://cs.stanford.edu/people/rak248/VG_100K/2371479.jpg,333,500,557811.0
2371520,https://cs.stanford.edu/people/rak248/VG_100K/2371520.jpg,500,281,61837.0
2371844,https://cs.stanford.edu/people/rak248/VG_100K/2371844.jpg,500,334,228382.0
2372054,https://cs.stanford.edu/people/rak248/VG_100K/2372054.jpg,500,333,281906.0
2372677,https://cs.stanford.edu/people/rak248/VG_100K/2372677.jpg,332,500,
2373246,https://cs.stanford.edu/people/rak248/VG_100K/2373246.jpg,500,334,
2373277,https://cs.stanford.edu/people/rak248/VG_100K/2373277.jpg,500,333,144655.0
2373324,https://cs.stanford.edu/people/rak248/VG_100K/2373324.jpg,500,375,
2373416,https://cs.stanford.edu/people/rak248/VG_100K/2373416.jpg,500,500,
2373675,https://cs.stanford.edu/people/rak248/VG_100K/2373675.jpg,375,500,
2374347,https://cs.stanford.edu/people/rak248/VG_100K/2374347.jpg,500,333,242208.0
2375149,https://cs.stanford.edu/people/rak248/VG_100K/2375149.jpg,500,333,374782.0
2375342,https://cs.stanford.edu/people/rak248/VG_100K/2375342.jpg,375,500,
2375655,https://cs.stanford.edu/people/rak248/VG_100K/2375655.jpg,375,500,330391.0
2375995,https://cs.stanford.edu/people/rak248/VG_100K/2375995.jpg,499,500,
2376311,https://cs.stanford.edu/people/rak248/VG_100K/2376311.jpg,334,500,249883.0
2376313,https://cs.stanford.edu/people/rak248/VG_100K/2376313.jpg,500,375,
2376333,https://cs.stanford.edu/people/rak248/VG_100K/2376333.jpg,500,375,
2376562,https://cs.stanford.edu/people/rak248/VG_100K/2376562.jpg,333,500,
2377208,https://cs.stanford.edu/people/rak248/VG_100K/2377208.jpg,375,500,176008.0
2377681,https://cs.stanford.edu/people/rak248/VG_100K_2/2377681.jpg,500,375,216840.0
2378406,https://cs.stanford.edu/people/rak248/VG_100K_2/2378406.jpg,500,332,575267.0
2379084,https://cs.stanford.edu/people/rak248/VG_100K_2/2379084.jpg,500,375,542321.0
2379285,https://cs.stanford.edu/people/rak248/VG_100K_2/2379285.jpg,500,333,
2379457,https://cs.stanford.edu/people/rak248/VG_100K_2/2379457.jpg,500,375,
2379567,https://cs.stanford.edu/people/rak248/VG_100K_2/2379567.jpg,500,375,
2379786,https://cs.stanford.edu/people/rak248/VG_100K_2/2379786.jpg,500,343,102915.0
2379993,https://cs.stanford.edu/people/rak248/VG_100K_2/2379993.jpg,500,375,
2380286,https://cs.stanford.edu/people/rak248/VG_100K_2/2380286.jpg,333,500,
2380294,https://cs.stanford.edu/people/rak248/VG_100K_2/2380294.jpg,500,308,495454.0
2380388,https://cs.stanford.edu/people/rak248/VG_100K_2/2380388.jpg,500,375,246841.0
2380673,https://cs.stanford.edu/people/rak248/VG_100K_2/2380673.jpg,500,333,
2380711,https://cs.stanford.edu/people/rak248/VG_100K_2/2380711.jpg,500,285,
2380719,https://cs.stanford.edu/people/rak248/VG_100K_2/2380719.jpg,500,364,
2380732,https://cs.stanford.edu/people/rak248/VG_100K_2/2380732.jpg,500,333,136043.0
2380910,https://cs.stanford.edu/people/rak248/VG_100K_2/2380910.jpg,500,333,
2381146,https://cs.stanford.edu/people/rak248/VG_100K_2/2381146.jpg,375,500,
2381575,https://cs.stanford.edu/people/rak248/VG_100K_2/2381575.jpg,500,333,568927.0
2381641,https://cs.stanford.edu/people/rak248/VG_100K_2/2381641.jpg,500,332,90278.0
2382289,https://cs.stanford.edu/people/rak248/VG_100K_2/2382289.jpg,500,375,179480.0
2382368,https://cs.stanford.edu/people/rak248/VG_100K_2/2382368.jpg,500,333,
2382609,https://cs.stanford.edu/people/rak248/VG_100K_2/2382609.jpg,500,313,
2382779,https://cs.stanford.edu/people/rak248/VG_100K_2/2382779.jpg,500,375,75723.0
2382880,https://cs.stanford.edu/people/rak248/VG_100K_2/2382880.jpg,500,333,
2383143,https://cs.stanford.edu/people/rak248/VG_100K_2/2383143.jpg,500,354,10405.0
2383321,https://cs.stanford.edu/people/rak248/VG_100K_2/2383321.jpg,500,333,409209.0
2383979,https://cs.stanford.edu/people/rak248/VG_100K_2/2383979.jpg,500,437,
2383998,https://cs.stanford.edu/people/rak248/VG_100K_2/2383998.jpg,332,500,250594.0
2384583,https://cs.stanford.edu/people/rak248/VG_100K_2/2384583.jpg,375,500,
2384873,https://cs.stanford.edu/people/rak248/VG_100K_2/2384873.jpg,500,333,
2384897,https://cs.stanford.edu/people/rak248/VG_100K_2/2384897.jpg,500,374,513389.0
2385235,https://cs.stanford.edu/people/rak248/VG_100K_2/2385235.jpg,500,333,227547.0
2385443,https://cs.stanford.edu/people/rak248/VG_100K_2/2385443.jpg,500,375,
2386236,https://cs.stanford.edu/people/rak248/VG_100K_2/2386236.jpg,500,335,576214.0
2386409,https://cs.stanford.edu/people/rak248/VG_100K_2/2386409.jpg,500,373,21257.0
2386658,https://cs.stanford.edu/people/rak248/VG_100K_2/2386658.jpg,500,332,
2386697,https://cs.stanford.edu/people/rak248/VG_100K_2/2386697.jpg,500,333,53177.0
2387359,https://cs.stanford.edu/people/rak248/VG_100K_2/2387359.jpg,500,375,
2387380,https://cs.stanford.edu/people/rak248/VG_100K_2/2387380.jpg,500,310,
2387453,https://cs.stanford.edu/people/rak248/VG_100K_2/2387453.jpg,375,500,66785.0
2387511,https://cs.stanford.edu/people/rak248/VG_100K_2/2387511.jpg,500,355,31121.0
2388051,https://cs.stanford.edu/people/rak248/VG_100K_2/2388051.jpg,333,500,
2388069,https://cs.stanford.edu/people/rak248/VG_100K_2/2388069.jpg,333,500,279978.0
2388190,https://cs.stanford.edu/people/rak248/VG_100K_2/2388190.jpg,500,375,420380.0
2388367,https://cs.stanford.edu/people/rak248/VG_100K_2/2388367.jpg,374,500,
2388946,https://cs.stanford.edu/people/rak248/VG_100K_2/2388946.jpg,333,500,
2389025,https://cs.stanford.edu/people/rak248/VG_100K_2/2389025.jpg,500,500,
2389145,https://cs.stanford.edu/people/rak248/VG_100K_2/2389145.jpg,500,323,559039.0
2389222,https://cs.stanford.edu/people/rak248/VG_100K_2/2389222.jpg,500,375,
2389596,https://cs.stanford.edu/people/rak248/VG_100K_2/2389596.jpg,334,500,
2390045,https://cs.stanford.edu/people/rak248/VG_100K_2/2390045.jpg,375,500,192652.0
2390293,https://cs.stanford.edu/people/rak248/VG_100K_2/2390293.jpg,500,333,
2390699,https://cs.stanford.edu/people/rak248/VG_100K_2/2390699.jpg,500,332,
2391028,https://cs.stanford.edu/people/rak248/VG_100K_2/2391028.jpg,500,375,
2391050,https://cs.stanford.edu/people/rak248/VG_100K_2/2391050.jpg,500,333,
2392484,https://cs.stanford.edu/people/rak248/VG_100K_2/2392484.jpg,500,333,268084.0
2392623,https://cs.stanford.edu/people/rak248/VG_100K_2/2392623.jpg,500,246,
2393640,https://cs.stanford.edu/people/rak248/VG_100K_2/2393640.jpg,332,500,504540.0
2393968,https://cs.stanford.edu/people/rak248/VG_100K_2/2393968.jpg,500,333,
2394145,https://cs.stanford.edu/people/rak248/VG_100K_2/2394145.jpg,500,374,160974.0
2394523,https://cs.stanford.edu/people/rak248/VG_100K_2/2394523.jpg,500,375,
2395092,https://cs.stanford.edu/people/rak248/VG_100K_2/2395092.jpg,500,356,125672.0
2395198,https://cs.stanford.edu/people/rak248/VG_100K_2/2395198.jpg,500,375,333198.0
2395697,https://cs.stanford.edu/people/rak248/VG_100K_2/2395697.jpg,500,333,
2395770,https://cs.stanford.edu/people/rak248/VG_100K_2/2395770.jpg,375,500,224238.0
2395864,https://cs.stanford.edu/people/rak248/VG_100K_2/2395864.jpg,375,500,539904.0
2396008,https://cs.stanford.edu/people/rak248/VG_100K_2/2396008.jpg,500,432,
2396300,https://cs.stanford.edu/people/rak248/VG_100K_2/2396300.jpg,500,333,
2396794,https://cs.stanford.edu/people/rak248/VG_100K_2/2396794.jpg,500,328,
2397054,https://cs.stanford.edu/people/rak248/VG_100K_2/2397054.jpg,500,400,
2397354,https://cs.stanford.edu/people/rak248/VG_100K_2/2397354.jpg,500,375,267126.0
2397355,https://cs.stanford.edu/people/rak248/VG_100K_2/2397355.jpg,500,335,494285.0
2397722,https://cs.stanford.edu/people/rak248/VG_100K_2/2397722.jpg,500,281,
2397905,https://cs.stanford.edu/people/rak248/VG_100K_2/2397905.jpg,333,500,
2398185,https://cs.stanford.edu/people/rak248/VG_100K_2/2398185.jpg,333,500,33917.0
2398459,https://cs.stanford.edu/people/rak248/VG_100K_2/2398459.jpg,500,375,
2398695,https://cs.stanford.edu/people/rak248/VG_100K_2/2398695.jpg,500,500,
2398805,https://cs.stanford.edu/people/rak248/VG_100K_2/2398805.jpg,500,295,
2399024,https://cs.stanford.edu/people/rak248/VG_100K_2/2399024.jpg,500,268,124609.0
2399108,https://cs.stanford.edu/people/rak248/VG_100K_2/2399108.jpg,500,350,
2400148,https://cs.stanford.edu/people/rak248/VG_100K_2/2400148.jpg,500,334,
2400255,https://cs.stanford.edu/people/rak248/VG_100K_2/2400255.jpg,500,375,
2400322,https://cs.stanford.edu/people/rak248/VG_100K_2/2400322.jpg,500,333,423711.0
2400544,https://cs.stanford.edu/people/rak248/VG_100K_2/2400544.jpg,500,333,433830.0
2400777,https://cs.stanford.edu/people/rak248/VG_100K_2/2400777.jpg,500,375,
2401046,https://cs.stanford.edu/people/rak248/VG_100K_2/2401046.jpg,500,295,477919.0
2401262,https://cs.stanford.edu/people/rak248/VG_100K_2/2401262.jpg,500,333,
2401768,https://cs.stanford.edu/people/rak248/VG_100K_2/2401768.jpg,500,335,
2401798,https://cs.stanford.edu/people/rak248/VG_100K_2/2401798.jpg,500,332,
2401971,https://cs.stanford.edu/people/rak248/VG_100K_2/2401971.jpg,500,375,
2402222,https://cs.stanford.edu/people/rak248/VG_100K_2/2402222.jpg,500,375,17365.0
2402373,https://cs.stanford.edu/people/rak248/VG_100K_2/2402373.jpg,500,333,
2402873,https://cs.stanford.edu/people/rak248/VG_100K_2/2402873.jpg,500,332,537198.0
2403106,https://cs.stanford.edu/people/rak248/VG_100K_2/2403106.jpg,500,333,
2404039,https://cs.stanford.edu/people/rak248/VG_100K_2/2404039.jpg,500,332,
2404251,https://cs.stanford.edu/people/rak248/VG_100K_2/2404251.jpg,500,375,336720.0
2404690,https://cs.stanford.edu/people/rak248/VG_100K_2/2404690.jpg,500,375,
2404756,https://cs.stanford.edu/people/rak248/VG_100K_2/2404756.jpg,374,500,
2405144,https://cs.stanford.edu/people/rak248/VG_100K_2/2405144.jpg,380,500,74663.0
2405594,https://cs.stanford.edu/people/rak248/VG_100K_2/2405594.jpg,333,500,
2406302,https://cs.stanford.edu/people/rak248/VG_100K_2/2406302.jpg,500,375,
2406726,https://cs.stanford.edu/people/rak248/VG_100K_2/2406726.jpg,500,333,22192.0
2406748,https://cs.stanford.edu/people/rak248/VG_100K_2/2406748.jpg,375,500,130875.0
2406990,https://cs.stanford.edu/people/rak248/VG_100K_2/2406990.jpg,500,375,268729.0
2407062,https://cs.stanford.edu/people/rak248/VG_100K_2/2407062.jpg,500,375,498061.0
2407236,https://cs.stanford.edu/people/rak248/VG_100K_2/2407236.jpg,500,331,
2407380,https://cs.stanford.edu/people/rak248/VG_100K_2/2407380.jpg,500,375,
2407567,https://cs.stanford.edu/people/rak248/VG_100K_2/2407567.jpg,500,333,62941.0
2407743,https://cs.stanford.edu/people/rak248/VG_100K_2/2407743.jpg,500,333,242261.0
2408419,https://cs.stanford.edu/people/rak248/VG_100K_2/2408419.jpg,500,295,
2408537,https://cs.stanford.edu/people/rak248/VG_100K_2/2408537.jpg,375,500,226472.0
2408545,https://cs.stanford.edu/people/rak248/VG_100K_2/2408545.jpg,500,400,339186.0
2408628,https://cs.stanford.edu/people/rak248/VG_100K_2/2408628.jpg,500,375,477892.0
2408655,https://cs.stanford.edu/people/rak248/VG_100K_2/2408655.jpg,500,333,100711.0
2408732,https://cs.stanford.edu/people/rak248/VG_100K_2/2408732.jpg,500,333,543897.0
2408931,https://cs.stanford.edu/people/rak248/VG_100K_2/2408931.jpg,500,356,296110.0
2409452,https://cs.stanford.edu/people/rak248/VG_100K_2/2409452.jpg,375,500,
2409552,https://cs.stanford.edu/people/rak248/VG_100K_2/2409552.jpg,500,333,
2410121,https://cs.stanford.edu/people/rak248/VG_100K_2/2410121.jpg,500,328,
2410242,https://cs.stanford.edu/people/rak248/VG_100K_2/2410242.jpg,500,333,
2410715,https://cs.stanford.edu/people/rak248/VG_100K_2/2410715.jpg,389,500,388696.0
2410992,https://cs.stanford.edu/people/rak248/VG_100K_2/2410992.jpg,500,333,371361.0
2411122,https://cs.stanford.edu/people/rak248/VG_100K_2/2411122.jpg,333,500,459212.0
2411532,https://cs.stanford.edu/people/rak248/VG_100K_2/2411532.jpg,500,329,560202.0
2411908,https://cs.stanford.edu/people/rak248/VG_100K_2/2411908.jpg,500,375,462770.0
2412143,https://cs.stanford.edu/people/rak248/VG_100K_2/2412143.jpg,500,332,332463.0
2412219,https://cs.stanford.edu/people/rak248/VG_100K_2/2412219.jpg,500,375,126265.0
2412631,https://cs.stanford.edu/people/rak248/VG_100K_2/2412631.jpg,500,333,
2412879,https://cs.stanford.edu/people/rak248/VG_100K_2/2412879.jpg,500,334,63563.0
2413066,https://cs.stanford.edu/people/rak248/VG_100K_2/2413066.jpg,500,375,
2413140,https://cs.stanford.edu/people/rak248/VG_100K_2/2413140.jpg,375,500,316970.0
2413274,https://cs.stanford.edu/people/rak248/VG_100K_2/2413274.jpg,500,281,237453.0
2413603,https://cs.stanford.edu/people/rak248/VG_100K_2/2413603.jpg,400,500,410337.0
2413953,https://cs.stanford.edu/people/rak248/VG_100K_2/2413953.jpg,500,333,565543.0
2413992,https://cs.stanford.edu/people/rak248/VG_100K_2/2413992.jpg,500,332,
2414643,https://cs.stanford.edu/people/rak248/VG_100K_2/2414643.jpg,500,384,398463.0
2415055,https://cs.stanford.edu/people/rak248/VG_100K_2/2415055.jpg,500,375,
2415419,https://cs.stanford.edu/people/rak248/VG_100K_2/2415419.jpg,375,500,
2416071,https://cs.stanford.edu/people/rak248/VG_100K_2/2416071.jpg,500,335,
2416171,https://cs.stanford.edu/people/rak248/VG_100K_2/2416171.jpg,500,500,386716.0
2416250,https://cs.stanford.edu/people/rak248/VG_100K_2/2416250.jpg,500,375,
2416319,https://cs.stanford.edu/people/rak248/VG_100K_2/2416319.jpg,500,375,191994.0
2417304,https://cs.stanford.edu/people/rak248/VG_100K_2/2417304.jpg,500,346,
