predicate,count
on,2537
has,867
in,775
wearing,564
of,533
with,269
holding,225
behind,140
near,128
on top of,106
on a,105
next to,91
of a,76
in front of,67
above,64
under,63
in a,58
at,55
has a,54
by,52
wearing a,46
on side of,43
riding,43
attached to,39
over,35
sitting on,31
playing,31
around,30
walking on,30
are on,30
for,28
hanging on,27
beside,25
facing,22
between,22
wears,22
standing on,22
hanging from,21
painted on,19
belonging to,19
says,18
with a,17
carrying,17
eating,17
along,17
watching,16
walking,14
laying on,14
inside,14
inside of,14
sitting in,13
looking at,13
covered in,12
pulling,12
and,11
are in,11
on back of,11
against,10
worn by,10
underneath,10
holds,10
made of,10
standing in,9
in front of a,9
crossing,9
flying,9
covering,9
standing,9
have,9
leading to,8
from,8
sitting at,7
driving on,7
using,7
walking in,7
sitting,7
talking on,7
lining,7
built into,7
shining on,7
of an,6
to,6
holding an,6
printed on,6
adorning,6
supporting,6
flying in,6
catching,6
mounted on,6
outside,5
posing behind,5
beneath,5
parked on,5
lying on,5
stuck in,5
outside of,5
sitting behind,5
reflected on,5
walking down,5
that,5
playing with,5
hanging in,5
below,5
skiing in,5
covered with,5
growing on,5
across,5
standing near,4
decorated with,4
checking,4
across from,4
numeral  on,4
surrounding,4
contains,4
in between,4
behind  a,4
part of,4
touching,4
grazing in,4
played on,4
left of,4
next,4
skiing on a,4
skiing on,4
on a ski,4
parked in front of,4
reflected in,4
kicking,4
without,4
mounted underneath,4
girls playing,4
on young girl ball,4
floating through,4
in side of,4
are in a,3
leaning against,3
on side of a,3
at a,3
near a,3
has light with,3
showing,3
on foot of,3
ridden by,3
sits on,3
walks on,3
holding up,3
beyond,3
parked at,3
in back of,3
sewn on,3
swinging,3
are behind,3
standing next to,3
on womans,3
looking over,3
touches,3
made from,3
drives down,3
riding on,3
front,3
yellow,3
containing,3
photographing,3
flying through,3
on half of,3
petting,3
playing baseball on,3
intended for,3
hitting,3
visible in,3
hanging above,3
skiing,3
to left of,3
are outside,2
visible on,2
on edge of,2
moving beside,2
driving down,2
with no,2
at top of,2
on curved,2
walking across,2
cutting,2
resting on,2
side,2
displayed on,2
low on,2
sleeping on,2
open on,2
held in,2
tied to,2
on the,2
kneeling on,2
with h,2
on front of,2
close to,2
made of wood laid across,2
watch,2
laying,2
leaning,2
on top,2
standing on one,2
parked near,2
walking along,2
that on,2
are floating in,2
wears a,2
holding a,2
standing under,2
riding in,2
leading,2
falls on,2
with open,2
missing,2
covered,2
are near,2
affixed to,2
parked in,2
seated on,2
bending,2
has on,2
cover,2
standing at,2
growing behind,2
passes by,2
ahead of a,2
in front,2
on side,2
taking,2
setting,2
parked,2
has black,2
inscribed on,2
putting on,2
on top of a,2
in middle of,2
inside a,2
hanging over,2
besides,2
holding onto a,2
balances with,2
casted on,2
sitting on top of,2
driving,2
on end of,2
sitting on a,2
are hanging from,2
standing on a,2
dragging,2
talking on a,2
beside of,2
in bed of,2
reflecting in,2
written on,2
on right side of,2
carries,2
side of,2
has a little,2
growing alongside,2
people playing,2
watching softball,2
are next to,2
extending,2
holding bat with,2
worn on,2
red,2
blue,2
body,2
shows,2
on black,2
tracks,2
has curved,2
dressed in,2
curving away from,2
over a,1
walking toward,1
lounging,1
selling,1
run across,1
in mid,1
and street in front of city,1
between street and,1
of two profiles in back of parked,1
and terraced entryway into,1
showing lit,1
riding in front of,1
arrow and print on street,1
is taken,1
filled with,1
sitting in front of,1
away from,1
painted,1
coved,1
leans on,1
walking behind,1
streaming across,1
from a,1
carry,1
along side of,1
inspected by,1
in mans,1
on sale at a,1
drizzled on,1
wrapped around,1
support,1
impaled in,1
standing by,1
drinking from,1
on a womans,1
runs alongside,1
walking ir,1
hangs from,1
scattered,1
carrying a,1
pull,1
talking to,1
travels through,1
behind an,1
among,1
low to,1
used as base of,1
leaning on,1
stuck,1
standing to left of,1
standing behind,1
laying down behind,1
of top,1
on a persons,1
to hold up an,1
reflecting on,1
sitting beside,1
connecting,1
cast by,1
looking through,1
walking into,1
to a,1
going toward,1
leaned against,1
parked against a,1
gathering at,1
leading up to,1
lying in,1
laying down in,1
near boat,1
at front of,1
are filled with,1
batting at,1
appears shorter than,1
at bottom of a,1
painted on side of,1
who,1
with an,1
that are,1
of tree in,1
of black,1
horse,1
on wrist of,1
in hands of,1
in h,1
pulling a,1
sharing an,1
removed from,1
made of concrete,1
made,1
posing,1
lying on top of,1
focused on,1
lies with,1
running down,1
clutching,1
laughing at,1
bolted to,1
in womans,1
are under,1
with spiked,1
has spiked,1
has red,1
up to her,1
wearing a black,1
carried by,1
wearing rubber,1
extending from,1
ae,1
mounting,1
mounted by,1
on back,1
growing on a,1
taken at,1
waiting for,1
parked off,1
on side or,1
standing on side of,1
grazing on,1
standing together,1
stands by a,1
by a,1
sticks out of,1
planted near,1
has some,1
fronting,1
aside,1
fronting of,1
on front,1
standing beside,1
by side,1
wait for,1
hangs above,1
parked next to,1
pulled by,1
coming from,1
taking picture with,1
holding side of,1
pressing,1
traveling under,1
planted along,1
on top of of,1
growing along a,1
parked by,1
wrapped in,1
pointing to,1
pictured in,1
in relief on,1
numbers,1
to open,1
spread on,1
wearing an,1
resting,1
runs on,1
tossing,1
waiting on,1
lunging in,1
back of,1
observing,1
intrigued by,1
looking down at,1
on counter,1
going down,1
hanging across,1
sticking out of,1
clipped to,1
wearing dress,1
window,1
clipped,1
bottle,1
system sticker,1
ice,1
open,1
lifting,1
growing by,1
boarding,1
loading,1
waiting to board,1
held,1
connected to,1
in bottom of,1
has first,1
sculpted into,1
standing on top of,1
sculpted on,1
raising,1
running along side of,1
run along side of,1
of back of,1
turning,1
in a red,1
in black skiing down,1
skiing down a,1
shining through,1
pushing,1
laid on,1
swimming in,1
out of,1
looking,1
block,1
walking on dirt,1
metal poles with,1
panel of,1
of chain,1
sticking off,1
reclined on,1
on bended,1
that fell off of,1
going into,1
in field of,1
being pulled by,1
being pulled by a,1
are being,1
right of,1
looking for,1
displays,1
hanging on side of,1
on or side of,1
has blonde,1
standing outside,1
cross,1
light up,1
standing along,1
masts,1
skiiing on,1
following,1
by side of,1
walking beside,1
grazing,1
swung by,1
being pulled down,1
are beneath,1
attached to a,1
has a metal,1
connected to a,1
hanging on a,1
parked beside,1
in reflection of,1
lifting into,1
on other side,1
imprinted in,1
has few,1
stabbing,1
at bottom of,1
form,1
jumping,1
levitating on,1
flashing on,1
wielding,1
using a,1
down a,1
casts,1
off,1
visible between,1
of an airplane in th,1
near orange,1
traveling in,1
ledge,1
stroking a,1
stroking,1
perched in,1
being,1
alongside,1
growing up a,1
and a,1
up side of a,1
hanging across a,1
leads to,1
enters,1
and unloads,1
parked very close to,1
on lawn behind,1
link,1
in batters,1
wearing a blue baseball,1
crouching behind,1
wearing black protective catchers,1
batting in ball,1
held by young girl ball,1
in air near,1
catcher attempting to catch,1
plate umpire in,1
near ball,1
on young girl,1
red folding,1
girl wearing protective,1
catcher trying to catch,1
with hands,1
trying to catch,1
preparing to hit,1
sitting on other side of,1
walking from,1
are sitting in,1
driven on,1
pitched at,1
siting in,1
watching over,1
reflected with,1
sitting by,1
tickling,1
after,1
gum,1
sewer,1
b,1
for a,1
streaming in,1
alone in,1
mounted in,1
ordered,1
looks at,1
entering,1
points at,1
extends,1
sitting near,1
flies in,1
placed on,1
cut into,1
black,1
silhouettes,1
jacket,1
roof,1
down,1
snow,1
trail,1
on inside of,1
drying,1
hanging off of,1
are enjoying,1
playing in,1
taken,1
riding on back of,1
being used on,1
sitting off,1
skateboarding on,1
separated on,1
growing in,1
i,1
and white,1
stone,1
fence of,1
tall,1
fence near,1
has leafless,1
has long,1
casting,1
that holds,1
enjoying,1
participating in,1
going different from,1
bare,1
hair,1
covers,1
contrast,1
during,1
into,1
holding and,1
surround,1
hanging under,1
watches,1
separates,1
of snow on a mountain,1
to right of,1
right,1
left,1
black right,1
hair escaping,1
showing through,1
pausing,1
peeking,1
poked,1
atop,1
coated by,1
apart from,1
together with,1
drinking,1
brushing,1
gripping,1
melted on a,1
