dataset,image_id,raw_gt_boxes,eligible_gt_boxes,raw_gt_relations,eligible_gt_relations,n_objects,n_relation_candidates,n_label_variables,n_relation_variables,n_binary_variables,n_constraints,n_domain_constraints,n_range_constraints,relation_budget,candidate_build_time_s,solver_time_s,repair_time_s,solver_pipeline_time_s,solve_wrapper_time_s,end_to_end_time_s,solver_status,fallback,fallback_trigger,objective_value,violations,applicable_checks_Q,constraint_compliance_pct,traceability_rate_pct,explanation_completeness_pct,avg_evidence_items_per_assertion,detector_tp,detector_fp,detector_fn,detector_precision,detector_recall,detector_f1,detector_miou,local_tp,local_fp,local_fn,local_precision,local_recall,local_f1,local_miou,ocosl_tp,ocosl_fp,ocosl_fn,ocosl_precision,ocosl_recall,ocosl_f1,ocosl_miou,rel_raw_tp,rel_raw_fp,rel_raw_fn,rel_raw_precision,rel_raw_recall,rel_raw_f1,rel_enrich_tp,rel_enrich_fp,rel_enrich_fn,rel_enrich_precision,rel_enrich_recall,rel_enrich_f1
COCO,238866,12,12,0,0,30,1685,60,1685,1745,901,0,0,60,0.0205957559999774,0.0790724149999846,0.0,0.0790724149999846,0.0810022680000202,0.1015988799999831,Optimal,0,none,26.30843311763449,0,91,100.0,100.0,100.0,2.0,12,18,0,0.4,1.0,0.5714285714285715,0.9107780305779366,12,18,0,0.4,1.0,0.5714285714285715,0.9107780305779366,12,18,0,0.4,1.0,0.5714285714285715,0.9107780305779366,0,0,0,0.0,0.0,0.0,0,0,0,0.0,0.0,0.0
COCO,253742,29,29,0,0,30,1642,60,1642,1702,901,0,0,60,0.0197400209999614,0.0716843609999955,0.0,0.0716843609999955,0.0735497599999916,0.0932904379999968,Optimal,0,none,25.45593083452401,0,91,100.0,100.0,100.0,2.0,20,10,9,0.6666666666666666,0.6896551724137931,0.6779661016949153,0.8318561968380379,20,10,9,0.6666666666666666,0.6896551724137931,0.6779661016949153,0.8318561968380379,20,10,9,0.6666666666666666,0.6896551724137931,0.6779661016949153,0.8318561968380379,0,0,0,0.0,0.0,0.0,0,0,0,0.0,0.0,0.0
COCO,171190,38,38,0,0,23,929,46,929,975,530,0,0,46,0.0180224099999577,0.0406862359999991,0.0,0.0406862359999991,0.0417344549999825,0.0597573279999892,Optimal,0,none,19.098698714731817,0,70,100.0,100.0,100.0,2.0,18,5,20,0.782608695652174,0.4736842105263157,0.5901639344262294,0.8259623767500133,18,5,20,0.782608695652174,0.4736842105263157,0.5901639344262294,0.8259623767500133,18,5,20,0.782608695652174,0.4736842105263157,0.5901639344262294,0.8259623767500133,0,0,0,0.0,0.0,0.0,0,0,0,0.0,0.0,0.0
COCO,57597,33,33,0,0,22,884,44,884,928,485,0,0,44,0.018307400000026,0.0405184759999883,0.0,0.0405184759999883,0.0415495320000331,0.0598574869999879,Optimal,0,none,16.89726004294611,0,67,100.0,100.0,100.0,2.0,9,13,24,0.4090909090909091,0.2727272727272727,0.3272727272727272,0.7967535235225243,9,13,24,0.4090909090909091,0.2727272727272727,0.3272727272727272,0.7967535235225243,9,13,24,0.4090909090909091,0.2727272727272727,0.3272727272727272,0.7967535235225243,0,0,0,0.0,0.0,0.0,0,0,0,0.0,0.0,0.0
COCO,36494,52,52,0,0,21,793,42,793,835,442,0,0,42,0.0170717919999674,0.03637089099999,0.0,0.03637089099999,0.0375342109999792,0.054606605999993,Optimal,0,none,15.844737183488526,0,64,100.0,100.0,100.0,2.0,13,8,39,0.6190476190476191,0.25,0.3561643835616438,0.8157270056320051,13,8,39,0.6190476190476191,0.25,0.3561643835616438,0.8157270056320051,13,8,39,0.6190476190476191,0.25,0.3561643835616438,0.8157270056320051,0,0,0,0.0,0.0,0.0,0,0,0,0.0,0.0,0.0
COCO,89648,38,38,0,0,20,715,40,715,755,401,0,0,40,0.016981778999991,0.0322025080000116,0.0,0.0322025080000116,0.0331422059999795,0.0501246040000182,Optimal,0,none,16.95855826362027,0,61,100.0,100.0,100.0,2.0,11,9,27,0.55,0.2894736842105263,0.3793103448275862,0.8365582489686976,11,9,27,0.55,0.2894736842105263,0.3793103448275862,0.8365582489686976,11,9,27,0.55,0.2894736842105263,0.3793103448275862,0.8365582489686976,0,0,0,0.0,0.0,0.0,0,0,0,0.0,0.0,0.0
COCO,434230,21,21,0,0,20,680,40,680,720,401,0,0,40,0.017389425000033,0.0341121490000091,0.0,0.0341121490000091,0.0349651390000076,0.0523551269999984,Optimal,0,none,15.95658042030356,0,61,100.0,100.0,100.0,2.0,6,14,15,0.3,0.2857142857142857,0.2926829268292683,0.8120630893933579,6,14,15,0.3,0.2857142857142857,0.2926829268292683,0.8120630893933579,6,14,15,0.3,0.2857142857142857,0.2926829268292683,0.8120630893933579,0,0,0,0.0,0.0,0.0,0,0,0,0.0,0.0,0.0
COCO,166391,28,28,0,0,20,666,40,666,706,401,0,0,40,0.0168575710000027,0.0322365039999681,0.0,0.0322365039999681,0.0331266860000027,0.049984763999987,Optimal,0,none,16.8233684899748,0,61,100.0,100.0,100.0,2.0,16,4,12,0.8,0.5714285714285714,0.6666666666666666,0.805913071641147,16,4,12,0.8,0.5714285714285714,0.6666666666666666,0.805913071641147,16,4,12,0.8,0.5714285714285714,0.6666666666666666,0.805913071641147,0,0,0,0.0,0.0,0.0,0,0,0,0.0,0.0,0.0
COCO,370677,16,16,0,0,18,612,36,612,648,325,0,0,36,0.0165652439999917,0.0308556319999979,0.0,0.0308556319999979,0.0317142309999667,0.0482799509999836,Optimal,0,none,14.330208261189371,0,55,100.0,100.0,100.0,2.0,7,11,9,0.3888888888888889,0.4375,0.411764705882353,0.9057104317179973,7,11,9,0.3888888888888889,0.4375,0.411764705882353,0.9057104317179973,7,11,9,0.3888888888888889,0.4375,0.411764705882353,0.9057104317179973,0,0,0,0.0,0.0,0.0,0,0,0,0.0,0.0,0.0
COCO,152740,15,15,0,0,18,587,36,587,623,325,0,0,36,0.0561862140000357,0.0378117090000387,0.0,0.0378117090000387,0.0392556810000428,0.0954428370000073,Optimal,0,none,14.829388851034258,0,55,100.0,100.0,100.0,2.0,13,5,2,0.7222222222222222,0.8666666666666667,0.7878787878787877,0.8934041850437908,13,5,2,0.7222222222222222,0.8666666666666667,0.7878787878787877,0.8934041850437908,13,5,2,0.7222222222222222,0.8666666666666667,0.7878787878787877,0.8934041850437908,0,0,0,0.0,0.0,0.0,0,0,0,0.0,0.0,0.0
Open Images,6c8dafac9ee9d86e,35,2,1,0,29,1557,58,1557,1615,842,0,0,58,0.0211434029999963,0.0641144469999517,0.0,0.0641144469999517,0.0657755400000041,0.0869195430000218,Optimal,0,none,23.76828590882201,0,88,100.0,100.0,100.0,2.0,2,27,0,0.0689655172413793,1.0,0.1290322580645161,0.854136576486664,2,27,0,0.0689655172413793,1.0,0.1290322580645161,0.854136576486664,2,27,0,0.0689655172413793,1.0,0.1290322580645161,0.854136576486664,0,0,0,0.0,0.0,0.0,0,0,0,0.0,0.0,0.0
Open Images,2e1b6b5c14f7d522,58,0,1,0,22,878,44,878,922,485,0,0,44,0.022895544999983,0.0370626449999917,0.0,0.0370626449999917,0.0381314640000027,0.0610275569999885,Optimal,0,none,17.432239037946722,0,67,100.0,100.0,100.0,2.0,0,22,0,0.0,0.0,0.0,0.0,0,22,0,0.0,0.0,0.0,0.0,0,22,0,0.0,0.0,0.0,0.0,0,0,0,0.0,0.0,0.0,0,0,0,0.0,0.0,0.0
Open Images,52371c64db9ee3f2,34,2,13,0,23,850,46,850,896,530,0,0,46,0.028693723999936,0.0419026879999364,0.0,0.0419026879999364,0.0429276720000189,0.0716218019999814,Optimal,0,none,18.856492051964665,0,70,100.0,100.0,100.0,2.0,1,22,1,0.0434782608695652,0.5,0.08,0.7475729044820907,1,22,1,0.0434782608695652,0.5,0.08,0.7475729044820907,1,22,1,0.0434782608695652,0.5,0.08,0.7475729044820907,0,0,0,0.0,0.0,0.0,0,0,0,0.0,0.0,0.0
Open Images,fdefeec421b9a4df,42,0,1,0,22,838,44,838,882,485,0,0,44,0.0285257920000958,0.0404310069999382,0.0,0.0404310069999382,0.0415229679999811,0.0700492350000558,Optimal,0,none,18.2079258910815,0,67,100.0,100.0,100.0,2.0,0,22,0,0.0,0.0,0.0,0.0,0,22,0,0.0,0.0,0.0,0.0,0,22,0,0.0,0.0,0.0,0.0,0,0,0,0.0,0.0,0.0,0,0,0,0.0,0.0,0.0
Open Images,141d8961e111ead7,60,0,9,0,21,783,42,783,825,442,0,0,42,0.021051543999988,0.0365727339999466,0.0,0.0365727339999466,0.037542400999996,0.0585943679999445,Optimal,0,none,17.93371315256689,0,64,100.0,100.0,100.0,2.0,0,21,0,0.0,0.0,0.0,0.0,0,21,0,0.0,0.0,0.0,0.0,0,21,0,0.0,0.0,0.0,0.0,0,0,0,0.0,0.0,0.0,0,0,0,0.0,0.0,0.0
Open Images,1bde6aa77c1a45fb,29,25,4,0,20,693,40,693,733,401,0,0,40,0.0198831560001053,0.0334511540000903,0.0,0.0334511540000903,0.0343722569999727,0.0542560400000411,Optimal,0,none,16.502481374196076,0,61,100.0,100.0,100.0,2.0,13,7,12,0.65,0.52,0.5777777777777778,0.8325844373758025,13,7,12,0.65,0.52,0.5777777777777778,0.8325844373758025,13,7,12,0.65,0.52,0.5777777777777778,0.8325844373758025,0,0,0,0.0,0.0,0.0,0,0,0,0.0,0.0,0.0
Open Images,c705061238b1fe30,34,0,1,0,20,691,40,691,731,401,0,0,40,0.0196406500000421,0.0314064489999736,0.0,0.0314064489999736,0.0322667579999915,0.0519078099999887,Optimal,0,none,16.078878913351122,0,61,100.0,100.0,100.0,2.0,0,20,0,0.0,0.0,0.0,0.0,0,20,0,0.0,0.0,0.0,0.0,0,20,0,0.0,0.0,0.0,0.0,0,0,0,0.0,0.0,0.0,0,0,0,0.0,0.0,0.0
Open Images,e216dd92c7f1e961,32,5,1,0,20,691,40,691,731,401,0,0,40,0.022049260000017,0.0317465210000591,0.0,0.0317465210000591,0.0326561269999956,0.0547059900000022,Optimal,0,none,16.349251610986066,0,61,100.0,100.0,100.0,2.0,2,18,3,0.1,0.4,0.16,0.9043973216266096,2,18,3,0.1,0.4,0.16,0.9043973216266096,2,18,3,0.1,0.4,0.16,0.9043973216266096,0,0,0,0.0,0.0,0.0,0,0,0,0.0,0.0,0.0
Open Images,6a6881aefff9ad58,26,5,2,0,19,648,38,648,686,362,0,0,38,0.0205386740000221,0.0310161190000144,0.0,0.0310161190000144,0.0318957709999949,0.0524349969999775,Optimal,0,none,15.390914436256612,0,58,100.0,100.0,100.0,2.0,5,14,0,0.2631578947368421,1.0,0.4166666666666667,0.8007397270473495,5,14,0,0.2631578947368421,1.0,0.4166666666666667,0.8007397270473495,5,14,0,0.2631578947368421,1.0,0.4166666666666667,0.8007397270473495,0,0,0,0.0,0.0,0.0,0,0,0,0.0,0.0,0.0
Open Images,ad6aca201fa51896,45,2,2,0,17,480,34,480,514,290,0,0,34,0.0204341879999674,0.0233531180000454,0.0,0.0233531180000454,0.0240410730000348,0.0444759389999944,Optimal,0,none,13.58747021993002,0,52,100.0,100.0,100.0,2.0,1,16,1,0.0588235294117647,0.5,0.1052631578947368,0.6153343011269216,1,16,1,0.0588235294117647,0.5,0.1052631578947368,0.6153343011269216,1,16,1,0.0588235294117647,0.5,0.1052631578947368,0.6153343011269216,0,0,0,0.0,0.0,0.0,0,0,0,0.0,0.0,0.0
Visual Genome,2389025,2,0,1,0,30,1671,60,1671,1731,901,0,0,60,0.0229812279999919,0.0704214639999918,0.0,0.0704214639999918,0.0721760140000356,0.0951578539999786,Optimal,0,none,24.15779378574524,0,91,100.0,100.0,100.0,2.0,0,30,0,0.0,0.0,0.0,0.0,0,30,0,0.0,0.0,0.0,0.0,0,30,0,0.0,0.0,0.0,0.0,0,0,0,0.0,0.0,0.0,0,0,0,0.0,0.0,0.0
Visual Genome,83,25,1,16,0,28,1429,56,1429,1485,785,0,0,56,0.019313741000019,0.0617879870000024,0.0,0.0617879870000024,0.063389528000016,0.0827038589999915,Optimal,0,none,22.6991731808464,0,85,100.0,100.0,100.0,2.0,0,28,1,0.0,0.0,0.0,0.0,0,28,1,0.0,0.0,0.0,0.0,0,28,1,0.0,0.0,0.0,0.0,0,0,0,0.0,0.0,0.0,0,0,0,0.0,0.0,0.0
Visual Genome,1045,35,1,22,0,28,1407,56,1407,1463,785,0,0,56,0.0200830450000353,0.0622696429999791,0.0,0.0622696429999791,0.063954136999996,0.0840377819999957,Optimal,0,none,23.41876866219244,0,85,100.0,100.0,100.0,2.0,1,27,0,0.0357142857142857,1.0,0.0689655172413793,0.9619170594332536,1,27,0,0.0357142857142857,1.0,0.0689655172413793,0.9619170594332536,1,27,0,0.0357142857142857,1.0,0.0689655172413793,0.9619170594332536,0,0,0,0.0,0.0,0.0,0,0,0,0.0,0.0,0.0
Visual Genome,2344493,68,4,38,0,27,1283,54,1283,1337,730,0,0,54,0.0188858680000407,0.0563603510000234,0.0,0.0563603510000234,0.0577155889999971,0.0766019620000406,Optimal,0,none,21.96378865685794,0,82,100.0,100.0,100.0,2.0,2,25,2,0.074074074074074,0.5,0.1290322580645161,0.689328930829678,2,25,2,0.074074074074074,0.5,0.1290322580645161,0.689328930829678,2,25,2,0.074074074074074,0.5,0.1290322580645161,0.689328930829678,0,0,0,0.0,0.0,0.0,0,0,0,0.0,0.0,0.0
Visual Genome,2407062,30,1,32,0,23,916,46,916,962,530,0,0,46,0.0172353350000094,0.0412295200000016,0.0,0.0412295200000016,0.0423035029999709,0.0595393380000359,Optimal,0,none,18.02524137040568,0,70,100.0,100.0,100.0,2.0,1,22,0,0.0434782608695652,1.0,0.0833333333333333,0.8661688244416784,1,22,0,0.0434782608695652,1.0,0.0833333333333333,0.8661688244416784,1,22,0,0.0434782608695652,1.0,0.0833333333333333,0.8661688244416784,0,0,0,0.0,0.0,0.0,0,0,0,0.0,0.0,0.0
Visual Genome,1159744,41,12,32,0,23,906,46,906,952,530,0,0,46,0.0244441530000472,0.0411392440000213,0.0,0.0411392440000213,0.0422423129999742,0.0666871360000413,Optimal,0,none,20.139875265898247,0,70,100.0,100.0,100.0,2.0,10,13,2,0.4347826086956521,0.8333333333333334,0.5714285714285714,0.8698763170042644,10,13,2,0.4347826086956521,0.8333333333333334,0.5714285714285714,0.8698763170042644,10,13,2,0.4347826086956521,0.8333333333333334,0.5714285714285714,0.8698763170042644,0,0,0,0.0,0.0,0.0,0,0,0,0.0,0.0,0.0
Visual Genome,2400322,31,0,22,0,22,865,44,865,909,485,0,0,44,0.017653260999964,0.0382190029999947,0.0,0.0382190029999947,0.0392165509999813,0.0568704749999824,Optimal,0,none,18.59547027588406,0,67,100.0,100.0,100.0,2.0,0,22,0,0.0,0.0,0.0,0.0,0,22,0,0.0,0.0,0.0,0.0,0,22,0,0.0,0.0,0.0,0.0,0,0,0,0.0,0.0,0.0,0,0,0,0.0,0.0,0.0
Visual Genome,2399024,26,1,17,0,22,831,44,831,875,485,0,0,44,0.0164372840000623,0.0401610669999854,0.0,0.0401610669999854,0.0411382820000199,0.0575762590000294,Optimal,0,none,18.27439448394796,0,67,100.0,100.0,100.0,2.0,1,21,0,0.0454545454545454,1.0,0.0869565217391304,0.8973843619759786,1,21,0,0.0454545454545454,1.0,0.0869565217391304,0.8973843619759786,1,21,0,0.0454545454545454,1.0,0.0869565217391304,0.8973843619759786,0,0,0,0.0,0.0,0.0,0,0,0,0.0,0.0,0.0
Visual Genome,2360765,33,2,41,0,20,713,40,713,753,401,0,0,40,0.016965110000001,0.0410929050000277,0.0,0.0410929050000277,0.042089360000034,0.0590549949999967,Optimal,0,none,15.616051626611386,0,61,100.0,100.0,100.0,2.0,2,18,0,0.1,1.0,0.1818181818181818,0.8501164900843361,2,18,0,0.1,1.0,0.1818181818181818,0.8501164900843361,2,18,0,0.1,1.0,0.1818181818181818,0.8501164900843361,0,0,0,0.0,0.0,0.0,0,0,0,0.0,0.0,0.0
Visual Genome,1593021,24,4,27,0,19,602,38,602,640,362,0,0,38,0.0226235089999704,0.0284630149999998,0.0,0.0284630149999998,0.0292681720000018,0.0518922530000054,Optimal,0,none,15.99663134711258,0,58,100.0,100.0,100.0,2.0,4,15,0,0.2105263157894736,1.0,0.3478260869565217,0.8217650179857863,4,15,0,0.2105263157894736,1.0,0.3478260869565217,0.8217650179857863,4,15,0,0.2105263157894736,1.0,0.3478260869565217,0.8217650179857863,0,0,0,0.0,0.0,0.0,0,0,0,0.0,0.0,0.0
