dataset,image_id,n_objects,n_relation_candidates,reference_status,reference_objective,reference_time_s,fallback_objective,fallback_time_s,objective_loss_pct,n_components,component_statuses,fallback_violations,fallback_constraint_compliance_pct,reference_selected_relations,fallback_selected_relations
COCO,238866,30,1685,Optimal,26.308433117634486,0.25987302599997975,26.308433117634486,0.25058630099999846,0.0,1,Optimal,0,100.0,60,60
COCO,253742,30,1642,Optimal,25.45593083452401,0.07655034599997634,25.45593083452401,0.06916824399999655,0.0,1,Optimal,0,100.0,60,60
COCO,171190,23,929,Optimal,19.098698714731817,0.04431256700001995,19.098698714731817,0.04324039200000129,0.0,1,Optimal,0,100.0,46,46
COCO,57597,22,884,Optimal,16.89726004294611,0.04012328499999285,16.89726004294611,0.04018557500000952,0.0,1,Optimal,0,100.0,44,44
COCO,36494,21,793,Optimal,15.844737183488526,0.036241884999981266,15.844737183488526,0.03995764699999427,0.0,1,Optimal,0,100.0,42,42
COCO,89648,20,715,Optimal,16.95855826362027,0.03438801199999375,16.95855826362027,0.034601694999992105,0.0,1,Optimal,0,100.0,40,40
COCO,434230,20,680,Optimal,15.956580420303561,0.03326856600000383,15.956580420303561,0.03268892299996651,0.0,1,Optimal,0,100.0,40,40
COCO,166391,20,666,Optimal,16.8233684899748,0.03761399499995832,16.8233684899748,0.03507733300000382,0.0,1,Optimal,0,100.0,40,40
COCO,370677,18,612,Optimal,14.330208261189371,0.03272767699996848,14.330208261189371,0.030639360999998644,0.0,1,Optimal,0,100.0,36,36
COCO,152740,18,587,Optimal,14.829388851034258,0.026495721000003414,14.829388851034258,0.026672977999965042,0.0,1,Optimal,0,100.0,36,36
Open Images,6c8dafac9ee9d86e,29,1557,Optimal,23.76828590882201,0.06242324499999086,23.76828590882201,0.06282463299999108,0.0,1,Optimal,0,100.0,58,58
Open Images,2e1b6b5c14f7d522,22,878,Optimal,17.432239037946722,0.03939330200000768,17.432239037946722,0.03815980999996782,0.0,1,Optimal,0,100.0,44,44
Open Images,52371c64db9ee3f2,23,850,Optimal,18.856492051964665,0.04224638700003425,18.856492051964665,0.04297480100001394,0.0,1,Optimal,0,100.0,46,46
Open Images,fdefeec421b9a4df,22,838,Optimal,18.2079258910815,0.039675570000042626,18.2079258910815,0.038712800999974206,0.0,1,Optimal,0,100.0,44,44
Open Images,141d8961e111ead7,21,783,Optimal,17.93371315256689,0.034500352000009116,17.93371315256689,0.03488101200002802,0.0,1,Optimal,0,100.0,42,42
Open Images,1bde6aa77c1a45fb,20,693,Optimal,16.502481374196076,0.03118589799998972,16.502481374196076,0.03533143200002087,0.0,1,Optimal,0,100.0,40,40
Open Images,c705061238b1fe30,20,691,Optimal,16.078878913351122,0.033103439000001345,16.078878913351122,0.031101882000029946,0.0,1,Optimal,0,100.0,40,40
Open Images,e216dd92c7f1e961,20,691,Optimal,16.349251610986066,0.03126113599995506,16.349251610986066,0.031117603999973653,0.0,1,Optimal,0,100.0,40,40
Open Images,6a6881aefff9ad58,19,648,Optimal,15.390914436256612,0.0310213299999873,15.390914436256612,0.03144376499994905,0.0,1,Optimal,0,100.0,38,38
Open Images,ad6aca201fa51896,17,480,Optimal,13.587470219930019,0.02371355399998265,13.587470219930019,0.022891114000003654,0.0,1,Optimal,0,100.0,34,34
Visual Genome,2389025,30,1671,Optimal,24.157793785745238,0.07508666300003597,24.157793785745238,0.07121372700004258,0.0,1,Optimal,0,100.0,60,60
Visual Genome,83,28,1429,Optimal,22.699173180846394,0.06093740699998307,22.699173180846394,0.059660678999989614,0.0,1,Optimal,0,100.0,56,56
Visual Genome,1045,28,1407,Optimal,23.418768662192438,0.06146981299997378,23.418768662192438,0.061243617999991784,0.0,1,Optimal,0,100.0,56,56
Visual Genome,2344493,27,1283,Optimal,21.96378865685794,0.05987143600003719,21.96378865685794,0.06040091699998129,0.0,1,Optimal,0,100.0,54,54
Visual Genome,2407062,23,916,Optimal,18.025241370405674,0.04141771300004393,18.025241370405674,0.23402011100000664,0.0,1,Optimal,0,100.0,46,46
Visual Genome,1159744,23,906,Optimal,20.139875265898247,0.04252422400003297,20.139875265898247,0.04217691899998499,0.0,1,Optimal,0,100.0,46,46
Visual Genome,2400322,22,865,Optimal,18.59547027588406,0.04099226299996417,18.59547027588406,0.03800792999999203,0.0,1,Optimal,0,100.0,44,44
Visual Genome,2399024,22,831,Optimal,18.274394483947958,0.04173106100000723,18.274394483947958,0.03823317600000564,0.0,1,Optimal,0,100.0,44,44
Visual Genome,2360765,20,713,Optimal,15.616051626611386,0.03290046499995469,15.616051626611386,0.03227302699997381,0.0,1,Optimal,0,100.0,40,40
Visual Genome,1593021,19,602,Optimal,15.99663134711258,0.031445033000011335,15.99663134711258,0.029384242999981325,0.0,1,Optimal,0,100.0,38,38
