image_id,n_gt_rel,n_raw_reltr,n_entities,n_candidate_pool,canonicalized_endpoints,raw_tp,raw_fp,raw_fn,raw_precision,raw_recall,raw_f1,reltr_tp,reltr_fp,reltr_fn,reltr_precision,reltr_recall,reltr_f1,ocosl_v3_tp,ocosl_v3_fp,ocosl_v3_fn,ocosl_v3_precision,ocosl_v3_recall,ocosl_v3_f1,delta_f1,reltr_selected,ocosl_selected,removed_by_ocosl,removed_true_positive,added_by_ocosl,added_true_positive,generator_time_s,solver_time_s,solver_status,fallback
0071f62f5d703904,5,18,13,8,0,5,13,0,0.2777777777777778,1.0,0.4347826086956522,5,3,0,0.625,1.0,0.7692307692307693,5,3,0,0.625,1.0,0.7692307692307693,0.0,8,8,0,0,0,0,0.1716148853302002,0.007235050201416016,Optimal,0
00e0a53e14bf2447,2,2,3,2,0,2,0,0,1.0,1.0,1.0,2,0,0,1.0,1.0,1.0,2,0,0,1.0,1.0,1.0,0.0,2,2,0,0,0,0,0.12710189819335938,0.006186246871948242,Optimal,0
01bf00da5f94e942,25,25,14,13,38,6,19,19,0.24,0.24,0.24,6,7,19,0.46153846153846156,0.24,0.3157894736842105,6,7,19,0.46153846153846156,0.24,0.3157894736842105,0.0,13,13,0,0,0,0,0.14553523063659668,0.008692741394042969,Optimal,0
020c7b8e6d605069,1,1,2,1,2,0,1,1,0.0,0.0,0.0,0,1,1,0.0,0.0,0.0,0,1,1,0.0,0.0,0.0,0.0,1,1,0,0,0,0,0.1349179744720459,0.0061070919036865234,Optimal,0
0319faa662ff5d06,2,1,2,1,1,1,0,1,1.0,0.5,0.6666666666666666,1,0,1,1.0,0.5,0.6666666666666666,1,0,1,1.0,0.5,0.6666666666666666,0.0,1,1,0,0,0,0,0.13613390922546387,0.006001949310302734,Optimal,0
060091417ccafbcf,1,3,3,2,0,0,3,1,0.0,0.0,0.0,0,2,1,0.0,0.0,0.0,0,2,1,0.0,0.0,0.0,0.0,2,2,0,0,0,0,0.12222719192504883,0.0065424442291259766,Optimal,0
0649557c211985bd,2,4,0,0,0,0,4,2,0.0,0.0,0.0,0,0,2,0.0,0.0,0.0,0,0,2,0.0,0.0,0.0,0.0,0,0,0,0,0,0,0.12359070777893066,0.004681587219238281,Optimal,0
078fd57f81047cf3,4,8,6,5,8,3,5,1,0.375,0.75,0.5,2,3,2,0.4,0.5,0.4444444444444445,2,3,2,0.4,0.5,0.4444444444444445,0.0,5,5,0,0,0,0,0.13772344589233398,0.006791114807128906,Optimal,0
07c216b2baad22e7,10,7,3,2,14,7,0,3,1.0,0.7,0.8235294117647058,2,0,8,1.0,0.2,0.33333333333333337,2,0,8,1.0,0.2,0.33333333333333337,0.0,2,2,0,0,0,0,0.1363847255706787,0.006519317626953125,Optimal,0
09625dc24eb205b4,1,6,4,3,6,1,5,0,0.16666666666666666,1.0,0.2857142857142857,1,2,0,0.3333333333333333,1.0,0.5,1,2,0,0.3333333333333333,1.0,0.5,0.0,3,3,0,0,0,0,0.13794827461242676,0.006314992904663086,Optimal,0
09e617d9d3120b32,2,2,2,1,2,1,1,1,0.5,0.5,0.5,1,0,1,1.0,0.5,0.6666666666666666,1,0,1,1.0,0.5,0.6666666666666666,0.0,1,1,0,0,0,0,0.13874030113220215,0.006047487258911133,Optimal,0
0a02c648d24f39fb,1,4,2,1,2,1,3,0,0.25,1.0,0.4,0,1,1,0.0,0.0,0.0,0,1,1,0.0,0.0,0.0,0.0,1,1,0,0,0,0,0.12531352043151855,0.006136417388916016,Optimal,0
0d16c88ec322340f,1,2,4,2,2,1,1,0,0.5,1.0,0.6666666666666666,1,1,0,0.5,1.0,0.6666666666666666,1,1,0,0.5,1.0,0.6666666666666666,0.0,2,2,0,0,0,0,0.1424715518951416,0.006665229797363281,Optimal,0
0dce9e80f546efc6,1,4,3,2,4,1,3,0,0.25,1.0,0.4,1,1,0,0.5,1.0,0.6666666666666666,1,1,0,0.5,1.0,0.6666666666666666,0.0,2,2,0,0,0,0,0.13765716552734375,0.006624698638916016,Optimal,0
0e481ee0c6655eb1,2,5,2,1,0,2,3,0,0.4,1.0,0.5714285714285715,1,0,1,1.0,0.5,0.6666666666666666,1,0,1,1.0,0.5,0.6666666666666666,0.0,1,1,0,0,0,0,0.11199402809143066,0.00584864616394043,Optimal,0
0ff8dd7e1d0f6010,3,4,2,3,4,3,1,0,0.75,1.0,0.8571428571428571,1,0,2,1.0,0.3333333333333333,0.5,1,0,2,1.0,0.3333333333333333,0.5,0.0,1,1,1,1,1,1,0.13848376274108887,0.006272315979003906,Optimal,0
106c8de22ed8d1d4,8,16,11,11,1,5,11,3,0.3125,0.625,0.4166666666666667,5,6,3,0.45454545454545453,0.625,0.5263157894736842,5,6,3,0.45454545454545453,0.625,0.5263157894736842,0.0,11,11,0,0,0,0,0.1432814598083496,0.0070629119873046875,Optimal,0
10cae64b8b77b511,2,2,2,1,2,0,2,2,0.0,0.0,0.0,0,1,2,0.0,0.0,0.0,0,1,2,0.0,0.0,0.0,0.0,1,1,0,0,0,0,0.10615420341491699,0.006236553192138672,Optimal,0
115150a6ba4eb0ca,3,3,2,1,5,3,0,0,1.0,1.0,1.0,1,0,2,1.0,0.3333333333333333,0.5,1,0,2,1.0,0.3333333333333333,0.5,0.0,1,1,0,0,0,0,0.12589812278747559,0.006158590316772461,Optimal,0
116cb9c709ca88e7,1,1,2,1,0,1,0,0,1.0,1.0,1.0,1,0,0,1.0,1.0,1.0,1,0,0,1.0,1.0,1.0,0.0,1,1,0,0,0,0,0.13393402099609375,0.005970954895019531,Optimal,0
1220e474e709cdf1,1,2,1,0,0,1,1,0,0.5,1.0,0.6666666666666666,0,0,1,0.0,0.0,0.0,0,0,1,0.0,0.0,0.0,0.0,0,0,0,0,0,0,0.09322285652160645,0.005747795104980469,Optimal,0
122259cbb3d91b12,3,4,2,1,7,3,1,0,0.75,1.0,0.8571428571428571,1,0,2,1.0,0.3333333333333333,0.5,1,0,2,1.0,0.3333333333333333,0.5,0.0,1,1,0,0,0,0,0.14669346809387207,0.006206512451171875,Optimal,0
1313a4add388424c,2,2,2,2,2,2,0,0,1.0,1.0,1.0,1,0,1,1.0,0.5,0.6666666666666666,1,0,1,1.0,0.5,0.6666666666666666,0.0,1,1,0,0,0,0,0.16002392768859863,0.006005764007568359,Optimal,0
135deaa5afb21894,1,2,0,0,0,0,2,1,0.0,0.0,0.0,0,0,1,0.0,0.0,0.0,0,0,1,0.0,0.0,0.0,0.0,0,0,0,0,0,0,0.1282520294189453,0.0049054622650146484,Optimal,0
13d93884b48bc28c,2,4,4,4,4,2,2,0,0.5,1.0,0.6666666666666666,1,2,1,0.3333333333333333,0.5,0.4,1,2,1,0.3333333333333333,0.5,0.4,0.0,3,3,0,0,0,0,0.14047670364379883,0.006724357604980469,Optimal,0
13ffeb4fec0d2c49,3,3,3,3,4,3,0,0,1.0,1.0,1.0,2,0,1,1.0,0.6666666666666666,0.8,2,0,1,1.0,0.6666666666666666,0.8,0.0,2,2,0,0,0,0,0.13839459419250488,0.006893634796142578,Optimal,0
141d8961e111ead7,9,50,20,28,38,7,43,2,0.14,0.7777777777777778,0.23728813559322035,7,21,2,0.25,0.7777777777777778,0.3783783783783784,7,21,2,0.25,0.7777777777777778,0.3783783783783784,0.0,28,28,0,0,0,0,0.14173316955566406,0.009580135345458984,Optimal,0
146316cdeb2aef2a,4,7,9,5,7,4,3,0,0.5714285714285714,1.0,0.7272727272727273,2,3,2,0.4,0.5,0.4444444444444445,2,3,2,0.4,0.5,0.4444444444444445,0.0,5,5,0,0,0,0,0.141845703125,0.00638270378112793,Optimal,0
1654c86093ada840,2,3,2,1,0,2,1,0,0.6666666666666666,1.0,0.8,1,0,1,1.0,0.5,0.6666666666666666,1,0,1,1.0,0.5,0.6666666666666666,0.0,1,1,0,0,0,0,0.20823001861572266,0.005880594253540039,Optimal,0
169795b5dffa3dc6,2,2,2,1,2,1,1,1,0.5,0.5,0.5,1,0,1,1.0,0.5,0.6666666666666666,1,0,1,1.0,0.5,0.6666666666666666,0.0,1,1,0,0,0,0,0.1431570053100586,0.00612640380859375,Optimal,0
18f5b21c06c6f3d1,8,3,4,3,5,3,0,5,1.0,0.375,0.5454545454545454,3,0,5,1.0,0.375,0.5454545454545454,3,0,5,1.0,0.375,0.5454545454545454,0.0,3,3,0,0,0,0,0.11248588562011719,0.006250143051147461,Optimal,0
19aa926f2f7d9782,1,2,2,1,2,1,1,0,0.5,1.0,0.6666666666666666,1,0,0,1.0,1.0,1.0,1,0,0,1.0,1.0,1.0,0.0,1,1,0,0,0,0,0.10623288154602051,0.0060999393463134766,Optimal,0
1ad1b75ba69177b3,1,7,0,0,0,0,7,1,0.0,0.0,0.0,0,0,1,0.0,0.0,0.0,0,0,1,0.0,0.0,0.0,0.0,0,0,0,0,0,0,0.13091397285461426,0.004685878753662109,Optimal,0
1b02d463464d45f3,1,1,0,0,0,0,1,1,0.0,0.0,0.0,0,0,1,0.0,0.0,0.0,0,0,1,0.0,0.0,0.0,0.0,0,0,0,0,0,0,0.13501501083374023,0.004921674728393555,Optimal,0
1b75ec99a2b81fa6,2,4,2,1,0,1,3,1,0.25,0.5,0.3333333333333333,1,0,1,1.0,0.5,0.6666666666666666,1,0,1,1.0,0.5,0.6666666666666666,0.0,1,1,0,0,0,0,0.12347888946533203,0.00610661506652832,Optimal,0
1b8c4e46421a0a9f,1,4,2,1,8,1,3,0,0.25,1.0,0.4,1,0,0,1.0,1.0,1.0,1,0,0,1.0,1.0,1.0,0.0,1,1,0,0,0,0,0.14111757278442383,0.006158113479614258,Optimal,0
1bde6aa77c1a45fb,4,22,13,13,4,4,18,0,0.18181818181818182,1.0,0.3076923076923077,4,9,0,0.3076923076923077,1.0,0.47058823529411764,4,9,0,0.3076923076923077,1.0,0.47058823529411764,0.0,13,13,0,0,0,0,0.1324446201324463,0.008101224899291992,Optimal,0
1c1a752a8b9553f7,1,3,0,0,0,0,3,1,0.0,0.0,0.0,0,0,1,0.0,0.0,0.0,0,0,1,0.0,0.0,0.0,0.0,0,0,0,0,0,0,0.13551688194274902,0.005222797393798828,Optimal,0
1d6468e90f600660,2,3,4,2,0,2,1,0,0.6666666666666666,1.0,0.8,2,0,0,1.0,1.0,1.0,2,0,0,1.0,1.0,1.0,0.0,2,2,0,0,0,0,0.13001680374145508,0.0060558319091796875,Optimal,0
1d8766876ad7362a,1,1,2,1,0,1,0,0,1.0,1.0,1.0,1,0,0,1.0,1.0,1.0,1,0,0,1.0,1.0,1.0,0.0,1,1,0,0,0,0,0.13733363151550293,0.006034374237060547,Optimal,0
1e7b2a58768e328c,2,2,2,1,2,2,0,0,1.0,1.0,1.0,1,0,1,1.0,0.5,0.6666666666666666,1,0,1,1.0,0.5,0.6666666666666666,0.0,1,1,0,0,0,0,0.1439533233642578,0.006345272064208984,Optimal,0
1f05d514448663fc,1,4,2,1,3,1,3,0,0.25,1.0,0.4,0,1,1,0.0,0.0,0.0,0,1,1,0.0,0.0,0.0,0.0,1,1,0,0,0,0,0.13944554328918457,0.0063953399658203125,Optimal,0
1f6c156f2cb2d4f2,2,2,2,1,1,2,0,0,1.0,1.0,1.0,1,0,1,1.0,0.5,0.6666666666666666,1,0,1,1.0,0.5,0.6666666666666666,0.0,1,1,0,0,0,0,0.1409308910369873,0.006418704986572266,Optimal,0
1f7c30f0c24fda91,4,4,3,2,2,3,1,1,0.75,0.75,0.75,1,1,3,0.5,0.25,0.3333333333333333,1,1,3,0.5,0.25,0.3333333333333333,0.0,2,2,0,0,0,0,0.1442704200744629,0.006429433822631836,Optimal,0
1fe277f5abfc7d74,4,5,3,2,6,3,2,1,0.6,0.75,0.6666666666666665,2,0,2,1.0,0.5,0.6666666666666666,2,0,2,1.0,0.5,0.6666666666666666,0.0,2,2,0,0,0,0,0.13808178901672363,0.0062100887298583984,Optimal,0
2198847783e240e7,2,6,2,1,0,2,4,0,0.3333333333333333,1.0,0.5,1,0,1,1.0,0.5,0.6666666666666666,1,0,1,1.0,0.5,0.6666666666666666,0.0,1,1,0,0,0,0,0.13099336624145508,0.005989789962768555,Optimal,0
231a40bf7aa6ddb9,3,7,6,4,14,3,4,0,0.42857142857142855,1.0,0.6,2,2,1,0.5,0.6666666666666666,0.5714285714285715,2,2,1,0.5,0.6666666666666666,0.5714285714285715,0.0,4,4,0,0,0,0,0.1431114673614502,0.006798982620239258,Optimal,0
23282811e70b4df7,4,2,2,1,2,2,0,2,1.0,0.5,0.6666666666666666,1,0,3,1.0,0.25,0.4,1,0,3,1.0,0.25,0.4,0.0,1,1,0,0,0,0,0.13810968399047852,0.006319999694824219,Optimal,0
24ecee17e7b53fab,2,6,4,3,6,2,4,0,0.3333333333333333,1.0,0.5,2,1,0,0.6666666666666666,1.0,0.8,2,1,0,0.6666666666666666,1.0,0.8,0.0,3,3,0,0,0,0,0.1423664093017578,0.006364583969116211,Optimal,0
25ce96bd10afe1b0,9,16,6,3,30,9,7,0,0.5625,1.0,0.72,3,0,6,1.0,0.3333333333333333,0.5,3,0,6,1.0,0.3333333333333333,0.5,0.0,3,3,0,0,0,0,0.12819528579711914,0.006697416305541992,Optimal,0
26d3e6efda2035c0,2,1,2,1,1,1,0,1,1.0,0.5,0.6666666666666666,1,0,1,1.0,0.5,0.6666666666666666,1,0,1,1.0,0.5,0.6666666666666666,0.0,1,1,0,0,0,0,0.1351640224456787,0.006026506423950195,Optimal,0
2722015316635d05,1,2,2,1,4,1,1,0,0.5,1.0,0.6666666666666666,1,0,0,1.0,1.0,1.0,1,0,0,1.0,1.0,1.0,0.0,1,1,0,0,0,0,0.1277005672454834,0.006070852279663086,Optimal,0
286de7c921469cec,2,4,4,2,0,2,2,0,0.5,1.0,0.6666666666666666,2,0,0,1.0,1.0,1.0,2,0,0,1.0,1.0,1.0,0.0,2,2,0,0,0,0,0.09397268295288086,0.006016731262207031,Optimal,0
2bded1f9cb587843,1,4,0,0,0,1,3,0,0.25,1.0,0.4,0,0,1,0.0,0.0,0.0,0,0,1,0.0,0.0,0.0,0.0,0,0,0,0,0,0,0.1624443531036377,0.004776477813720703,Optimal,0
2ce0d48f1957670e,1,1,2,1,0,1,0,0,1.0,1.0,1.0,1,0,0,1.0,1.0,1.0,1,0,0,1.0,1.0,1.0,0.0,1,1,0,0,0,0,0.13958978652954102,0.006197690963745117,Optimal,0
2dab4bf641b91d2a,2,4,3,3,6,2,2,0,0.5,1.0,0.6666666666666666,2,0,0,1.0,1.0,1.0,2,0,0,1.0,1.0,1.0,0.0,2,2,0,0,0,0,0.13864779472351074,0.006375551223754883,Optimal,0
2e08a3701ae74310,1,5,4,2,5,1,4,0,0.2,1.0,0.33333333333333337,1,1,0,0.5,1.0,0.6666666666666666,1,1,0,0.5,1.0,0.6666666666666666,0.0,2,2,0,0,0,0,0.12761521339416504,0.0071184635162353516,Optimal,0
2e1b6b5c14f7d522,1,29,17,16,29,1,28,0,0.034482758620689655,1.0,0.06666666666666667,1,15,0,0.0625,1.0,0.11764705882352941,1,15,0,0.0625,1.0,0.11764705882352941,0.0,16,16,0,0,0,0,0.1328907012939453,0.007453441619873047,Optimal,0
2e6ed3de36f341f7,4,6,6,3,6,3,3,1,0.5,0.75,0.6,3,0,1,1.0,0.75,0.8571428571428571,3,0,1,1.0,0.75,0.8571428571428571,0.0,3,3,0,0,0,0,0.12336587905883789,0.006546735763549805,Optimal,0
2ed000d799794d71,2,2,2,1,1,0,2,2,0.0,0.0,0.0,0,1,2,0.0,0.0,0.0,0,1,2,0.0,0.0,0.0,0.0,1,1,0,0,0,0,0.13907456398010254,0.0061833858489990234,Optimal,0
2eeec709f51ecd0d,1,4,4,2,0,1,3,0,0.25,1.0,0.4,1,1,0,0.5,1.0,0.6666666666666666,1,1,0,0.5,1.0,0.6666666666666666,0.0,2,2,0,0,0,0,0.13299942016601562,0.0062139034271240234,Optimal,0
2f8ff99a443af1df,1,1,2,1,1,0,1,1,0.0,0.0,0.0,0,1,1,0.0,0.0,0.0,0,1,1,0.0,0.0,0.0,0.0,1,1,0,0,0,0,0.13833332061767578,0.00606989860534668,Optimal,0
30ace30967aca271,4,4,4,2,6,4,0,0,1.0,1.0,1.0,2,0,2,1.0,0.5,0.6666666666666666,2,0,2,1.0,0.5,0.6666666666666666,0.0,2,2,0,0,0,0,0.09487533569335938,0.00665593147277832,Optimal,0
333452abf04d1b2b,3,6,4,3,4,0,6,3,0.0,0.0,0.0,0,3,3,0.0,0.0,0.0,0,3,3,0.0,0.0,0.0,0.0,3,3,0,0,0,0,0.13152265548706055,0.00632166862487793,Optimal,0
366209cb2cfa7f73,3,3,2,1,6,3,0,0,1.0,1.0,1.0,1,0,2,1.0,0.3333333333333333,0.5,1,0,2,1.0,0.3333333333333333,0.5,0.0,1,1,0,0,0,0,0.10601496696472168,0.005931854248046875,Optimal,0
36a1f2f6d9539824,2,2,2,1,0,2,0,0,1.0,1.0,1.0,1,0,1,1.0,0.5,0.6666666666666666,1,0,1,1.0,0.5,0.6666666666666666,0.0,1,1,0,0,0,0,0.09665441513061523,0.005930900573730469,Optimal,0
3881457cb3a6585e,7,1,0,0,0,0,1,7,0.0,0.0,0.0,0,0,7,0.0,0.0,0.0,0,0,7,0.0,0.0,0.0,0.0,0,0,0,0,0,0,0.09391546249389648,0.0045528411865234375,Optimal,0
38dde2b71edf6611,7,7,3,2,13,7,0,0,1.0,1.0,1.0,2,0,5,1.0,0.2857142857142857,0.4444444444444445,2,0,5,1.0,0.2857142857142857,0.4444444444444445,0.0,2,2,0,0,0,0,0.09471917152404785,0.006287574768066406,Optimal,0
3b2444d13b3b30e1,1,2,3,2,2,1,1,0,0.5,1.0,0.6666666666666666,1,1,0,0.5,1.0,0.6666666666666666,1,1,0,0.5,1.0,0.6666666666666666,0.0,2,2,0,0,0,0,0.12085604667663574,0.007646799087524414,Optimal,0
3b78e75f33d9b90a,5,4,3,2,6,1,3,4,0.25,0.2,0.22222222222222224,1,1,4,0.5,0.2,0.28571428571428575,1,1,4,0.5,0.2,0.28571428571428575,0.0,2,2,0,0,0,0,0.13981270790100098,0.006328105926513672,Optimal,0
3ba112bd2a75b755,2,1,2,1,0,1,0,1,1.0,0.5,0.6666666666666666,1,0,1,1.0,0.5,0.6666666666666666,1,0,1,1.0,0.5,0.6666666666666666,0.0,1,1,0,0,0,0,0.12766814231872559,0.006014823913574219,Optimal,0
3bbedd517e851024,4,7,6,4,10,4,3,0,0.5714285714285714,1.0,0.7272727272727273,3,1,1,0.75,0.75,0.75,3,1,1,0.75,0.75,0.75,0.0,4,4,0,0,0,0,0.13107919692993164,0.00695347785949707,Optimal,0
3be189900a496924,5,4,3,3,6,1,3,4,0.25,0.2,0.22222222222222224,1,1,4,0.5,0.2,0.28571428571428575,1,1,4,0.5,0.2,0.28571428571428575,0.0,2,2,0,0,0,0,0.1389622688293457,0.006592750549316406,Optimal,0
3c134d48cbb1e25c,1,1,2,1,1,1,0,0,1.0,1.0,1.0,1,0,0,1.0,1.0,1.0,1,0,0,1.0,1.0,1.0,0.0,1,1,0,0,0,0,0.13574576377868652,0.0059392452239990234,Optimal,0
3ce9353aae8238b1,1,5,4,4,5,1,4,0,0.2,1.0,0.33333333333333337,1,2,0,0.3333333333333333,1.0,0.5,1,2,0,0.3333333333333333,1.0,0.5,0.0,3,3,0,0,0,0,0.12219524383544922,0.0064258575439453125,Optimal,0
3d1275028c1dcd88,3,14,0,0,0,3,11,0,0.21428571428571427,1.0,0.35294117647058826,0,0,3,0.0,0.0,0.0,0,0,3,0.0,0.0,0.0,0.0,0,0,0,0,0,0,0.13399291038513184,0.0047032833099365234,Optimal,0
3d42dd0fca5505cf,4,5,3,2,4,3,2,1,0.6,0.75,0.6666666666666665,1,1,3,0.5,0.25,0.3333333333333333,1,1,3,0.5,0.25,0.3333333333333333,0.0,2,2,0,0,0,0,0.14562225341796875,0.006720304489135742,Optimal,0
3e3f45d51c4a049e,2,2,0,0,0,2,0,0,1.0,1.0,1.0,0,0,2,0.0,0.0,0.0,0,0,2,0.0,0.0,0.0,0.0,0,0,0,0,0,0,0.09928202629089355,0.005011558532714844,Optimal,0
3e6029e1509f1dd1,1,3,2,1,4,0,3,1,0.0,0.0,0.0,0,1,1,0.0,0.0,0.0,0,1,1,0.0,0.0,0.0,0.0,1,1,0,0,0,0,0.14309906959533691,0.0060884952545166016,Optimal,0
3efce935d21b765a,1,3,3,2,3,1,2,0,0.3333333333333333,1.0,0.5,1,1,0,0.5,1.0,0.6666666666666666,1,1,0,0.5,1.0,0.6666666666666666,0.0,2,2,0,0,0,0,0.12200331687927246,0.00607752799987793,Optimal,0
3f2cc085cfc23975,1,2,3,2,2,1,1,0,0.5,1.0,0.6666666666666666,1,1,0,0.5,1.0,0.6666666666666666,1,1,0,0.5,1.0,0.6666666666666666,0.0,2,2,0,0,0,0,0.13961076736450195,0.0062236785888671875,Optimal,0
3f67ddce3448e74c,1,3,3,2,3,1,2,0,0.3333333333333333,1.0,0.5,1,1,0,0.5,1.0,0.6666666666666666,1,1,0,0.5,1.0,0.6666666666666666,0.0,2,2,0,0,0,0,0.13401532173156738,0.006296396255493164,Optimal,0
3f7d5b7ffa990565,12,14,8,9,14,7,7,5,0.5,0.5833333333333334,0.5384615384615384,5,2,7,0.7142857142857143,0.4166666666666667,0.5263157894736842,5,2,7,0.7142857142857143,0.4166666666666667,0.5263157894736842,0.0,7,7,0,0,0,0,0.13450980186462402,0.007291078567504883,Optimal,0
408209a5977369e8,6,4,3,2,2,3,1,3,0.75,0.5,0.6,1,1,5,0.5,0.16666666666666666,0.25,1,1,5,0.5,0.16666666666666666,0.25,0.0,2,2,0,0,0,0,0.130690336227417,0.0063898563385009766,Optimal,0
41a362d2cf8dd3f8,2,2,2,1,2,2,0,0,1.0,1.0,1.0,1,0,1,1.0,0.5,0.6666666666666666,1,0,1,1.0,0.5,0.6666666666666666,0.0,1,1,0,0,0,0,0.1359262466430664,0.005978107452392578,Optimal,0
422d4210cdcdb6a5,2,2,2,1,2,2,0,0,1.0,1.0,1.0,1,0,1,1.0,0.5,0.6666666666666666,1,0,1,1.0,0.5,0.6666666666666666,0.0,1,1,0,0,0,0,0.14229059219360352,0.006242275238037109,Optimal,0
4287fb387a363c94,6,0,0,0,0,0,0,6,0.0,0.0,0.0,0,0,6,0.0,0.0,0.0,0,0,6,0.0,0.0,0.0,0.0,0,0,0,0,0,0,0.14493775367736816,0.004605293273925781,Optimal,0
42cdf62be2cd206c,2,22,20,15,0,1,21,1,0.045454545454545456,0.5,0.08333333333333334,1,14,1,0.06666666666666667,0.5,0.11764705882352941,1,14,1,0.06666666666666667,0.5,0.11764705882352941,0.0,15,15,0,0,0,0,0.14859366416931152,0.007512331008911133,Optimal,0
43c19287631911c6,1,1,2,1,1,1,0,0,1.0,1.0,1.0,1,0,0,1.0,1.0,1.0,1,0,0,1.0,1.0,1.0,0.0,1,1,0,0,0,0,0.14255118370056152,0.0062406063079833984,Optimal,0
43f2a4b7197637ff,2,3,2,1,0,2,1,0,0.6666666666666666,1.0,0.8,1,0,1,1.0,0.5,0.6666666666666666,1,0,1,1.0,0.5,0.6666666666666666,0.0,1,1,0,0,0,0,0.11869525909423828,0.00595855712890625,Optimal,0
4420025f6d6ab706,2,11,7,7,17,1,10,1,0.09090909090909091,0.5,0.15384615384615385,0,6,2,0.0,0.0,0.0,0,6,2,0.0,0.0,0.0,0.0,6,6,0,0,0,0,0.14564299583435059,0.0069692134857177734,Optimal,0
450dc8db3bfee2c9,1,3,4,3,3,1,2,0,0.3333333333333333,1.0,0.5,1,2,0,0.3333333333333333,1.0,0.5,1,2,0,0.3333333333333333,1.0,0.5,0.0,3,3,0,0,0,0,0.13106131553649902,0.006340503692626953,Optimal,0
489b8628e0f419a5,1,2,2,1,2,1,1,0,0.5,1.0,0.6666666666666666,1,0,0,1.0,1.0,1.0,1,0,0,1.0,1.0,1.0,0.0,1,1,0,0,0,0,0.09367918968200684,0.006216764450073242,Optimal,0
48abd1db27d7de96,1,3,2,1,3,1,2,0,0.3333333333333333,1.0,0.5,1,0,0,1.0,1.0,1.0,1,0,0,1.0,1.0,1.0,0.0,1,1,0,0,0,0,0.133223295211792,0.00647282600402832,Optimal,0
48cd906fad6004bf,2,3,2,1,0,2,1,0,0.6666666666666666,1.0,0.8,1,0,1,1.0,0.5,0.6666666666666666,1,0,1,1.0,0.5,0.6666666666666666,0.0,1,1,0,0,0,0,0.11772465705871582,0.006002902984619141,Optimal,0
48d7e9892a1653e3,2,2,2,1,2,2,0,0,1.0,1.0,1.0,1,0,1,1.0,0.5,0.6666666666666666,1,0,1,1.0,0.5,0.6666666666666666,0.0,1,1,0,0,0,0,0.1422569751739502,0.006304025650024414,Optimal,0
494c1c49e967eb79,5,25,12,10,44,2,23,3,0.08,0.4,0.13333333333333333,2,7,3,0.2222222222222222,0.4,0.2857142857142857,2,7,3,0.2222222222222222,0.4,0.2857142857142857,0.0,9,9,0,0,0,0,0.16702651977539062,0.007548809051513672,Optimal,0
49cc9e3699b6a53e,7,18,11,11,8,4,14,3,0.2222222222222222,0.5714285714285714,0.32,3,8,4,0.2727272727272727,0.42857142857142855,0.33333333333333326,3,8,4,0.2727272727272727,0.42857142857142855,0.33333333333333326,0.0,11,11,0,0,0,0,0.12740445137023926,0.006858110427856445,Optimal,0
4a197f10b93d99d8,1,19,13,9,9,1,18,0,0.05263157894736842,1.0,0.1,1,8,0,0.1111111111111111,1.0,0.19999999999999998,1,8,0,0.1111111111111111,1.0,0.19999999999999998,0.0,9,9,0,0,0,0,0.1459043025970459,0.0069315433502197266,Optimal,0
4c9154ccd94191ff,1,3,3,3,4,1,2,0,0.3333333333333333,1.0,0.5,1,1,0,0.5,1.0,0.6666666666666666,1,1,0,0.5,1.0,0.6666666666666666,0.0,2,2,0,0,0,0,0.12171363830566406,0.006654977798461914,Optimal,0
4dd4010e95454176,4,19,23,17,0,0,19,4,0.0,0.0,0.0,0,17,4,0.0,0.0,0.0,0,17,4,0.0,0.0,0.0,0.0,17,17,0,0,0,0,0.13258719444274902,0.007828950881958008,Optimal,0
4e409a31ed9b18e3,2,1,2,1,1,1,0,1,1.0,0.5,0.6666666666666666,1,0,1,1.0,0.5,0.6666666666666666,1,0,1,1.0,0.5,0.6666666666666666,0.0,1,1,0,0,0,0,0.12733078002929688,0.00612640380859375,Optimal,0
515d392264b903b5,1,1,2,1,0,1,0,0,1.0,1.0,1.0,1,0,0,1.0,1.0,1.0,1,0,0,1.0,1.0,1.0,0.0,1,1,0,0,0,0,0.1421818733215332,0.00634312629699707,Optimal,0
52072b5c865a4f30,2,2,3,2,0,2,0,0,1.0,1.0,1.0,2,0,0,1.0,1.0,1.0,2,0,0,1.0,1.0,1.0,0.0,2,2,0,0,0,0,0.1047360897064209,0.006237506866455078,Optimal,0
52371c64db9ee3f2,13,50,41,38,61,7,43,6,0.14,0.5384615384615384,0.2222222222222222,7,31,6,0.18421052631578946,0.5384615384615384,0.2745098039215686,7,31,6,0.18421052631578946,0.5384615384615384,0.2745098039215686,0.0,38,38,0,0,0,0,0.16605520248413086,0.012710809707641602,Optimal,0
537fcd028b47bc5f,1,3,3,2,3,1,2,0,0.3333333333333333,1.0,0.5,1,1,0,0.5,1.0,0.6666666666666666,1,1,0,0.5,1.0,0.6666666666666666,0.0,2,2,0,0,0,0,0.14872121810913086,0.006251335144042969,Optimal,0
561fe7f628410a18,1,3,3,2,3,1,2,0,0.3333333333333333,1.0,0.5,1,1,0,0.5,1.0,0.6666666666666666,1,0,0,1.0,1.0,1.0,0.33333333333333337,2,1,1,0,0,0,0.1325230598449707,0.006468534469604492,Optimal,0
571e87b93aecab33,1,1,2,1,0,1,0,0,1.0,1.0,1.0,1,0,0,1.0,1.0,1.0,1,0,0,1.0,1.0,1.0,0.0,1,1,0,0,0,0,0.12685894966125488,0.005990028381347656,Optimal,0
582be29db5b1a39d,6,5,2,1,10,5,0,1,1.0,0.8333333333333334,0.9090909090909091,1,0,5,1.0,0.16666666666666666,0.2857142857142857,1,0,5,1.0,0.16666666666666666,0.2857142857142857,0.0,1,1,0,0,0,0,0.1098020076751709,0.006185054779052734,Optimal,0
5847ef17fa137eea,3,2,2,1,0,1,1,2,0.5,0.3333333333333333,0.4,1,0,2,1.0,0.3333333333333333,0.5,1,0,2,1.0,0.3333333333333333,0.5,0.0,1,1,0,0,0,0,0.12764644622802734,0.005952596664428711,Optimal,0
5a1600c71cb5d944,1,2,2,1,2,1,1,0,0.5,1.0,0.6666666666666666,1,0,0,1.0,1.0,1.0,1,0,0,1.0,1.0,1.0,0.0,1,1,0,0,0,0,0.15040111541748047,0.006812095642089844,Optimal,0
5a63bb568d149c2e,3,14,10,9,13,3,11,0,0.21428571428571427,1.0,0.35294117647058826,3,6,0,0.3333333333333333,1.0,0.5,3,6,0,0.3333333333333333,1.0,0.5,0.0,9,9,0,0,0,0,0.12882685661315918,0.006654977798461914,Optimal,0
5b906e188aac9f24,1,0,0,0,0,0,0,1,0.0,0.0,0.0,0,0,1,0.0,0.0,0.0,0,0,1,0.0,0.0,0.0,0.0,0,0,0,0,0,0,0.13907408714294434,0.004765987396240234,Optimal,0
5e59e5dc357f93f4,6,14,11,6,28,5,9,1,0.35714285714285715,0.8333333333333334,0.5,4,2,2,0.6666666666666666,0.6666666666666666,0.6666666666666666,4,2,2,0.6666666666666666,0.6666666666666666,0.6666666666666666,0.0,6,6,0,0,0,0,0.10365867614746094,0.0073795318603515625,Optimal,0
5ee03b187a08d7a4,2,2,2,1,4,0,2,2,0.0,0.0,0.0,0,1,2,0.0,0.0,0.0,0,1,2,0.0,0.0,0.0,0.0,1,1,0,0,0,0,0.13958525657653809,0.006011962890625,Optimal,0
6022a450df278025,5,6,4,4,10,1,5,4,0.16666666666666666,0.2,0.1818181818181818,1,2,4,0.3333333333333333,0.2,0.25,1,2,4,0.3333333333333333,0.2,0.25,0.0,3,3,0,0,0,0,0.1441802978515625,0.006420612335205078,Optimal,0
60fdb7fd333eaf74,1,4,5,3,3,1,3,0,0.25,1.0,0.4,1,2,0,0.3333333333333333,1.0,0.5,1,2,0,0.3333333333333333,1.0,0.5,0.0,3,3,0,0,0,0,0.173905611038208,0.0063250064849853516,Optimal,0
656abc78a9534c08,3,2,4,2,2,1,1,2,0.5,0.3333333333333333,0.4,1,1,2,0.5,0.3333333333333333,0.4,1,1,2,0.5,0.3333333333333333,0.4,0.0,2,2,0,0,0,0,0.12663531303405762,0.006135463714599609,Optimal,0
659fc7394df83f02,2,2,2,1,2,1,1,1,0.5,0.5,0.5,1,0,1,1.0,0.5,0.6666666666666666,1,0,1,1.0,0.5,0.6666666666666666,0.0,1,1,0,0,0,0,0.14375638961791992,0.006342887878417969,Optimal,0
66628a0eee9deb75,3,7,0,0,0,0,7,3,0.0,0.0,0.0,0,0,3,0.0,0.0,0.0,0,0,3,0.0,0.0,0.0,0.0,0,0,0,0,0,0,0.1285562515258789,0.0048329830169677734,Optimal,0
66a048ed7d6aabcc,3,4,2,3,4,3,1,0,0.75,1.0,0.8571428571428571,1,0,2,1.0,0.3333333333333333,0.5,1,0,2,1.0,0.3333333333333333,0.5,0.0,1,1,0,0,0,0,0.14852285385131836,0.006653785705566406,Optimal,0
66ef4a8a4a84b9b3,14,15,7,7,15,4,11,10,0.26666666666666666,0.2857142857142857,0.2758620689655172,4,3,10,0.5714285714285714,0.2857142857142857,0.38095238095238093,4,3,10,0.5714285714285714,0.2857142857142857,0.38095238095238093,0.0,7,7,0,0,0,0,0.12961792945861816,0.006582021713256836,Optimal,0
671dce6fe4eb944d,3,5,4,3,2,2,3,1,0.4,0.6666666666666666,0.5,2,1,1,0.6666666666666666,0.6666666666666666,0.6666666666666666,2,1,1,0.6666666666666666,0.6666666666666666,0.6666666666666666,0.0,3,3,0,0,0,0,0.13811850547790527,0.006341218948364258,Optimal,0
67bb81df42352db9,2,9,5,4,9,2,7,0,0.2222222222222222,1.0,0.3636363636363636,1,3,1,0.25,0.5,0.3333333333333333,1,3,1,0.25,0.5,0.3333333333333333,0.0,4,4,0,0,0,0,0.12894916534423828,0.007407188415527344,Optimal,0
69788246df023ddf,1,3,2,1,6,1,2,0,0.3333333333333333,1.0,0.5,1,0,0,1.0,1.0,1.0,1,0,0,1.0,1.0,1.0,0.0,1,1,0,0,0,0,0.12803387641906738,0.0065534114837646484,Optimal,0
6a316f2b341bdc0b,2,5,5,5,6,2,3,0,0.4,1.0,0.5714285714285715,1,3,1,0.25,0.5,0.3333333333333333,1,3,1,0.25,0.5,0.3333333333333333,0.0,4,4,0,0,0,0,0.09609603881835938,0.006949663162231445,Optimal,0
6a6881aefff9ad58,2,14,11,11,7,1,13,1,0.07142857142857142,0.5,0.125,1,10,1,0.09090909090909091,0.5,0.15384615384615385,1,10,1,0.09090909090909091,0.5,0.15384615384615385,0.0,11,11,0,0,0,0,0.14139103889465332,0.007655620574951172,Optimal,0
6bff678ea2346ac5,2,4,4,2,7,1,3,1,0.25,0.5,0.3333333333333333,1,1,1,0.5,0.5,0.5,1,1,1,0.5,0.5,0.5,0.0,2,2,0,0,0,0,0.13133549690246582,0.006281375885009766,Optimal,0
6c1cd7fdc967c0d5,1,5,3,2,8,1,4,0,0.2,1.0,0.33333333333333337,1,1,0,0.5,1.0,0.6666666666666666,1,1,0,0.5,1.0,0.6666666666666666,0.0,2,2,0,0,0,0,0.1254410743713379,0.006304025650024414,Optimal,0
6c2aa294019ac91a,7,16,8,8,23,7,9,0,0.4375,1.0,0.6086956521739131,4,2,3,0.6666666666666666,0.5714285714285714,0.6153846153846153,4,2,3,0.6666666666666666,0.5714285714285714,0.6153846153846153,0.0,6,6,0,0,0,0,0.12685585021972656,0.007410526275634766,Optimal,0
6c8dafac9ee9d86e,1,19,11,9,8,1,18,0,0.05263157894736842,1.0,0.1,1,8,0,0.1111111111111111,1.0,0.19999999999999998,1,8,0,0.1111111111111111,1.0,0.19999999999999998,0.0,9,9,0,0,0,0,0.13906288146972656,0.007067680358886719,Optimal,0
6d83767827cba4a3,2,1,2,1,2,0,1,2,0.0,0.0,0.0,0,1,2,0.0,0.0,0.0,0,1,2,0.0,0.0,0.0,0.0,1,1,0,0,0,0,0.14127755165100098,0.006020307540893555,Optimal,0
6fc0ad531ee4c66e,1,1,2,1,1,1,0,0,1.0,1.0,1.0,1,0,0,1.0,1.0,1.0,1,0,0,1.0,1.0,1.0,0.0,1,1,0,0,0,0,0.12462711334228516,0.0062029361724853516,Optimal,0
71631731c0d63e45,2,2,2,1,2,2,0,0,1.0,1.0,1.0,1,0,1,1.0,0.5,0.6666666666666666,1,0,1,1.0,0.5,0.6666666666666666,0.0,1,1,0,0,0,0,0.1271495819091797,0.0062389373779296875,Optimal,0
72157cefa7c57ec8,1,5,3,3,5,1,4,0,0.2,1.0,0.33333333333333337,1,1,0,0.5,1.0,0.6666666666666666,1,1,0,0.5,1.0,0.6666666666666666,0.0,2,2,0,0,0,0,0.1275310516357422,0.006747007369995117,Optimal,0
7290c66c57edfdc5,3,3,2,0,0,2,1,1,0.6666666666666666,0.6666666666666666,0.6666666666666666,0,0,3,0.0,0.0,0.0,0,0,3,0.0,0.0,0.0,0.0,0,0,0,0,0,0,0.12665057182312012,0.005972146987915039,Optimal,0
7546e007f40fb1a9,1,2,2,1,2,1,1,0,0.5,1.0,0.6666666666666666,1,0,0,1.0,1.0,1.0,1,0,0,1.0,1.0,1.0,0.0,1,1,0,0,0,0,0.1161344051361084,0.006247520446777344,Optimal,0
75ed7924c47f984d,5,8,3,2,15,5,3,0,0.625,1.0,0.7692307692307693,2,0,3,1.0,0.4,0.5714285714285715,2,0,3,1.0,0.4,0.5714285714285715,0.0,2,2,0,0,0,0,0.08826851844787598,0.006221771240234375,Optimal,0
793b05bcb9445b1f,2,14,9,7,20,2,12,0,0.14285714285714285,1.0,0.25,2,5,0,0.2857142857142857,1.0,0.4444444444444445,2,5,0,0.2857142857142857,1.0,0.4444444444444445,0.0,7,7,0,0,0,0,0.14804935455322266,0.0074329376220703125,Optimal,0
7a87225ae9d63bcd,6,7,6,5,2,0,7,6,0.0,0.0,0.0,0,5,6,0.0,0.0,0.0,0,5,6,0.0,0.0,0.0,0.0,5,5,0,0,0,0,0.1335289478302002,0.006528139114379883,Optimal,0
7a9767c9f102b469,1,3,3,3,4,1,2,0,0.3333333333333333,1.0,0.5,1,1,0,0.5,1.0,0.6666666666666666,1,1,0,0.5,1.0,0.6666666666666666,0.0,2,2,0,0,0,0,0.1413555145263672,0.006346464157104492,Optimal,0
7aff58e036d03b98,8,19,17,12,38,6,13,2,0.3157894736842105,0.75,0.44444444444444436,6,6,2,0.5,0.75,0.6,6,6,2,0.5,0.75,0.6,0.0,12,12,0,0,0,0,0.14130139350891113,0.008422136306762695,Optimal,0
7b072d084f4d3198,1,2,3,2,2,1,1,0,0.5,1.0,0.6666666666666666,1,1,0,0.5,1.0,0.6666666666666666,1,1,0,0.5,1.0,0.6666666666666666,0.0,2,2,0,0,0,0,0.1347794532775879,0.006507396697998047,Optimal,0
7c888d0d5fd5b56e,4,10,4,2,4,2,8,2,0.2,0.5,0.28571428571428575,1,1,3,0.5,0.25,0.3333333333333333,1,1,3,0.5,0.25,0.3333333333333333,0.0,2,2,0,0,0,0,0.13843941688537598,0.00645136833190918,Optimal,0
7d4c46b89378b7dc,6,7,6,4,7,4,3,2,0.5714285714285714,0.6666666666666666,0.6153846153846153,2,2,4,0.5,0.3333333333333333,0.4,2,2,4,0.5,0.3333333333333333,0.4,0.0,4,4,0,0,0,0,0.12456846237182617,0.006685018539428711,Optimal,0
7f8ef92c55a63b32,3,8,9,7,8,0,8,3,0.0,0.0,0.0,0,6,3,0.0,0.0,0.0,0,6,3,0.0,0.0,0.0,0.0,6,6,0,0,0,0,0.13660407066345215,0.007048606872558594,Optimal,0
7ff76c84761e761e,1,6,4,1,0,1,5,0,0.16666666666666666,1.0,0.2857142857142857,0,1,1,0.0,0.0,0.0,0,1,1,0.0,0.0,0.0,0.0,1,1,0,0,0,0,0.09183835983276367,0.0060977935791015625,Optimal,0
82b48c199a4d5a8c,1,1,2,1,1,0,1,1,0.0,0.0,0.0,0,1,1,0.0,0.0,0.0,0,1,1,0.0,0.0,0.0,0.0,1,1,0,0,0,0,0.14360642433166504,0.006086587905883789,Optimal,0
83c97587c5cb217a,1,1,2,1,1,1,0,0,1.0,1.0,1.0,1,0,0,1.0,1.0,1.0,1,0,0,1.0,1.0,1.0,0.0,1,1,0,0,0,0,0.09720969200134277,0.0060083866119384766,Optimal,0
8442ec11695b3d6f,1,3,3,2,3,1,2,0,0.3333333333333333,1.0,0.5,1,1,0,0.5,1.0,0.6666666666666666,1,1,0,0.5,1.0,0.6666666666666666,0.0,2,2,0,0,0,0,0.13652825355529785,0.0059816837310791016,Optimal,0
845d6ac4a4fb713c,2,3,3,2,3,1,2,1,0.3333333333333333,0.5,0.4,1,1,1,0.5,0.5,0.5,1,1,1,0.5,0.5,0.5,0.0,2,2,0,0,0,0,0.1387937068939209,0.006253719329833984,Optimal,0
857cfd128a025297,2,6,3,2,2,2,4,0,0.3333333333333333,1.0,0.5,1,1,1,0.5,0.5,0.5,1,1,1,0.5,0.5,0.5,0.0,2,2,0,0,0,0,0.15038132667541504,0.006323814392089844,Optimal,0
85bcf3cd6540ec7d,2,6,2,2,6,2,4,0,0.3333333333333333,1.0,0.5,1,0,1,1.0,0.5,0.6666666666666666,1,0,1,1.0,0.5,0.6666666666666666,0.0,1,1,0,0,0,0,0.12651944160461426,0.006228208541870117,Optimal,0
8671b9d2f05bd71e,1,2,2,1,4,1,1,0,0.5,1.0,0.6666666666666666,1,0,0,1.0,1.0,1.0,1,0,0,1.0,1.0,1.0,0.0,1,1,0,0,0,0,0.13828420639038086,0.006261348724365234,Optimal,0
87ea34b7a6c3838c,1,15,8,11,24,0,15,1,0.0,0.0,0.0,0,10,1,0.0,0.0,0.0,0,10,1,0.0,0.0,0.0,0.0,10,10,0,0,0,0,0.13842463493347168,0.007453441619873047,Optimal,0
884273f6f4720bc5,2,2,4,2,0,1,1,1,0.5,0.5,0.5,1,1,1,0.5,0.5,0.5,1,1,1,0.5,0.5,0.5,0.0,2,2,0,0,0,0,0.09291863441467285,0.006274700164794922,Optimal,0
890a08ff48bf62d8,1,3,2,1,1,1,2,0,0.3333333333333333,1.0,0.5,0,1,1,0.0,0.0,0.0,0,1,1,0.0,0.0,0.0,0.0,1,1,0,0,0,0,0.14164376258850098,0.0061130523681640625,Optimal,0
8987951815d36f77,8,12,11,7,14,6,6,2,0.5,0.75,0.6,4,3,4,0.5714285714285714,0.5,0.5333333333333333,4,3,4,0.5714285714285714,0.5,0.5333333333333333,0.0,7,7,0,0,0,0,0.09537005424499512,0.007247209548950195,Optimal,0
8c3a7ca22c0ac8d9,2,6,2,2,6,2,4,0,0.3333333333333333,1.0,0.5,1,0,1,1.0,0.5,0.6666666666666666,1,0,1,1.0,0.5,0.6666666666666666,0.0,1,1,0,0,0,0,0.12574005126953125,0.006203651428222656,Optimal,0
8c676b9db5bde9f4,1,3,3,2,5,1,2,0,0.3333333333333333,1.0,0.5,1,1,0,0.5,1.0,0.6666666666666666,1,1,0,0.5,1.0,0.6666666666666666,0.0,2,2,0,0,0,0,0.13596153259277344,0.006608724594116211,Optimal,0
8d0b1e22cc02c96a,1,4,2,1,0,1,3,0,0.25,1.0,0.4,1,0,0,1.0,1.0,1.0,1,0,0,1.0,1.0,1.0,0.0,1,1,0,0,0,0,0.12412619590759277,0.006194591522216797,Optimal,0
8e2b641bfa080a9a,1,4,4,3,8,1,3,0,0.25,1.0,0.4,1,2,0,0.3333333333333333,1.0,0.5,1,2,0,0.3333333333333333,1.0,0.5,0.0,3,3,0,0,0,0,0.11581110954284668,0.006571054458618164,Optimal,0
9039a3d17b3cdd01,1,2,2,1,1,0,2,1,0.0,0.0,0.0,0,1,1,0.0,0.0,0.0,0,1,1,0.0,0.0,0.0,0.0,1,1,0,0,0,0,0.1339874267578125,0.007834196090698242,Optimal,0
90933aea042430bd,6,8,6,3,16,6,2,0,0.75,1.0,0.8571428571428571,3,0,3,1.0,0.5,0.6666666666666666,3,0,3,1.0,0.5,0.6666666666666666,0.0,3,3,0,0,0,0,0.1552414894104004,0.0063495635986328125,Optimal,0
91271214e694cc03,1,4,4,2,4,1,3,0,0.25,1.0,0.4,1,1,0,0.5,1.0,0.6666666666666666,1,1,0,0.5,1.0,0.6666666666666666,0.0,2,2,0,0,0,0,0.12457585334777832,0.006415605545043945,Optimal,0
91e09bc4c8db7631,2,3,4,2,0,2,1,0,0.6666666666666666,1.0,0.8,1,1,1,0.5,0.5,0.5,1,1,1,0.5,0.5,0.5,0.0,2,2,0,0,0,0,0.13532447814941406,0.006378173828125,Optimal,0
9265227e8b79f7b5,2,9,3,2,9,2,7,0,0.2222222222222222,1.0,0.3636363636363636,1,1,1,0.5,0.5,0.5,1,1,1,0.5,0.5,0.5,0.0,2,2,0,0,0,0,0.12641406059265137,0.0064792633056640625,Optimal,0
935ddd7147973bbe,1,2,2,1,2,1,1,0,0.5,1.0,0.6666666666666666,1,0,0,1.0,1.0,1.0,1,0,0,1.0,1.0,1.0,0.0,1,1,0,0,0,0,0.13014745712280273,0.006131410598754883,Optimal,0
940e335cf9bb61ce,1,7,4,3,14,0,7,1,0.0,0.0,0.0,0,3,1,0.0,0.0,0.0,0,3,1,0.0,0.0,0.0,0.0,3,3,0,0,0,0,0.11145615577697754,0.006457090377807617,Optimal,0
976649e55a61ced7,4,5,4,2,0,3,2,1,0.6,0.75,0.6666666666666665,2,0,2,1.0,0.5,0.6666666666666666,2,0,2,1.0,0.5,0.6666666666666666,0.0,2,2,0,0,0,0,0.13412952423095703,0.0062029361724853516,Optimal,0
9795c20f42516f05,4,7,3,2,14,4,3,0,0.5714285714285714,1.0,0.7272727272727273,2,0,2,1.0,0.5,0.6666666666666666,2,0,2,1.0,0.5,0.6666666666666666,0.0,2,2,0,0,0,0,0.12240099906921387,0.007185220718383789,Optimal,0
97b57bf58e7b224d,1,4,5,3,4,0,4,1,0.0,0.0,0.0,0,3,1,0.0,0.0,0.0,0,3,1,0.0,0.0,0.0,0.0,3,3,0,0,0,0,0.13612103462219238,0.006521701812744141,Optimal,0
988888b4794b2981,7,12,3,2,7,7,5,0,0.5833333333333334,1.0,0.7368421052631579,1,1,6,0.5,0.14285714285714285,0.22222222222222224,1,1,6,0.5,0.14285714285714285,0.22222222222222224,0.0,2,2,0,0,0,0,0.12179207801818848,0.006446361541748047,Optimal,0
98dd164dfd089339,1,2,2,1,2,1,1,0,0.5,1.0,0.6666666666666666,1,0,0,1.0,1.0,1.0,1,0,0,1.0,1.0,1.0,0.0,1,1,0,0,0,0,0.12579083442687988,0.0064771175384521484,Optimal,0
9998b5a9eff9472b,1,2,3,2,2,1,1,0,0.5,1.0,0.6666666666666666,1,1,0,0.5,1.0,0.6666666666666666,1,1,0,0.5,1.0,0.6666666666666666,0.0,2,2,0,0,0,0,0.13361430168151855,0.006407737731933594,Optimal,0
99b2f15e3e4a9d13,3,6,2,1,10,3,3,0,0.5,1.0,0.6666666666666666,1,0,2,1.0,0.3333333333333333,0.5,1,0,2,1.0,0.3333333333333333,0.5,0.0,1,1,0,0,0,0,0.1835007667541504,0.005980014801025391,Optimal,0
9aa42339174d4689,2,3,2,1,5,2,1,0,0.6666666666666666,1.0,0.8,1,0,1,1.0,0.5,0.6666666666666666,1,0,1,1.0,0.5,0.6666666666666666,0.0,1,1,0,0,0,0,0.12449908256530762,0.006317138671875,Optimal,0
9abee97e903a6145,2,3,4,2,6,0,3,2,0.0,0.0,0.0,0,2,2,0.0,0.0,0.0,0,2,2,0.0,0.0,0.0,0.0,2,2,0,0,0,0,0.09273242950439453,0.0066585540771484375,Optimal,0
9c1ff16b1dd2125b,2,2,2,1,2,2,0,0,1.0,1.0,1.0,1,0,1,1.0,0.5,0.6666666666666666,1,0,1,1.0,0.5,0.6666666666666666,0.0,1,1,0,0,0,0,0.09229636192321777,0.005928993225097656,Optimal,0
9d42af30c97b8e32,3,5,3,2,5,3,2,0,0.6,1.0,0.7499999999999999,2,0,1,1.0,0.6666666666666666,0.8,2,0,1,1.0,0.6666666666666666,0.8,0.0,2,2,0,0,0,0,0.12514042854309082,0.00611114501953125,Optimal,0
9db652b99ba0d220,1,3,4,2,3,1,2,0,0.3333333333333333,1.0,0.5,1,1,0,0.5,1.0,0.6666666666666666,1,1,0,0.5,1.0,0.6666666666666666,0.0,2,2,0,0,0,0,0.11819934844970703,0.0063724517822265625,Optimal,0
9e34df630c2d2301,1,1,2,1,1,1,0,0,1.0,1.0,1.0,1,0,0,1.0,1.0,1.0,1,0,0,1.0,1.0,1.0,0.0,1,1,0,0,0,0,0.132096529006958,0.005943775177001953,Optimal,0
9e525d25b1f5fca7,1,2,3,2,3,1,1,0,0.5,1.0,0.6666666666666666,1,1,0,0.5,1.0,0.6666666666666666,1,1,0,0.5,1.0,0.6666666666666666,0.0,2,2,0,0,0,0,0.13081955909729004,0.006658077239990234,Optimal,0
9f791f1ac0364b02,7,8,5,4,0,4,4,3,0.5,0.5714285714285714,0.5333333333333333,4,0,3,1.0,0.5714285714285714,0.7272727272727273,4,0,3,1.0,0.5714285714285714,0.7272727272727273,0.0,4,4,0,0,0,0,0.12287521362304688,0.006303071975708008,Optimal,0
a03a6011b066cd73,2,7,4,4,7,2,5,0,0.2857142857142857,1.0,0.4444444444444445,1,2,1,0.3333333333333333,0.5,0.4,1,2,1,0.3333333333333333,0.5,0.4,0.0,3,3,0,0,0,0,0.12355875968933105,0.006630420684814453,Optimal,0
a144cb066f688185,2,3,4,2,6,2,1,0,0.6666666666666666,1.0,0.8,2,0,0,1.0,1.0,1.0,2,0,0,1.0,1.0,1.0,0.0,2,2,0,0,0,0,0.13113117218017578,0.006567955017089844,Optimal,0
a221ec1d89638d96,1,1,2,1,1,0,1,1,0.0,0.0,0.0,0,1,1,0.0,0.0,0.0,0,1,1,0.0,0.0,0.0,0.0,1,1,0,0,0,0,0.13678956031799316,0.005941629409790039,Optimal,0
a358a9eb26b043d3,2,4,2,1,0,2,2,0,0.5,1.0,0.6666666666666666,1,0,1,1.0,0.5,0.6666666666666666,1,0,1,1.0,0.5,0.6666666666666666,0.0,1,1,0,0,0,0,0.0925590991973877,0.006110668182373047,Optimal,0
a3e014e7509aba65,2,6,3,2,5,2,4,0,0.3333333333333333,1.0,0.5,1,1,1,0.5,0.5,0.5,1,1,1,0.5,0.5,0.5,0.0,2,2,0,0,0,0,0.13262057304382324,0.006310939788818359,Optimal,0
a6a7dcf14dd9f0f1,1,3,2,1,6,1,2,0,0.3333333333333333,1.0,0.5,1,0,0,1.0,1.0,1.0,1,0,0,1.0,1.0,1.0,0.0,1,1,0,0,0,0,0.09204983711242676,0.0061953067779541016,Optimal,0
a6b74e491c688fbd,2,4,3,4,4,2,2,0,0.5,1.0,0.6666666666666666,1,1,1,0.5,0.5,0.5,1,1,1,0.5,0.5,0.5,0.0,2,2,0,0,0,0,0.12407040596008301,0.00615382194519043,Optimal,0
a7f4ab4e7b501e74,5,13,4,5,13,5,8,0,0.38461538461538464,1.0,0.5555555555555556,3,0,2,1.0,0.6,0.7499999999999999,3,0,2,1.0,0.6,0.7499999999999999,0.0,3,3,0,0,0,0,0.11905074119567871,0.006335258483886719,Optimal,0
a80e58d34f5a2233,1,3,2,1,2,1,2,0,0.3333333333333333,1.0,0.5,0,1,1,0.0,0.0,0.0,0,1,1,0.0,0.0,0.0,0.0,1,1,0,0,0,0,0.1318068504333496,0.006457805633544922,Optimal,0
a83d31d69e28914b,2,5,3,2,0,2,3,0,0.4,1.0,0.5714285714285715,1,1,1,0.5,0.5,0.5,1,1,1,0.5,0.5,0.5,0.0,2,2,0,0,0,0,0.13326144218444824,0.006262779235839844,Optimal,0
a8b14d4a442bf4a8,2,2,2,1,0,2,0,0,1.0,1.0,1.0,1,0,1,1.0,0.5,0.6666666666666666,1,0,1,1.0,0.5,0.6666666666666666,0.0,1,1,0,0,0,0,0.13283324241638184,0.006148338317871094,Optimal,0
aa6c7c9bf1188b05,1,3,3,2,6,1,2,0,0.3333333333333333,1.0,0.5,1,1,0,0.5,1.0,0.6666666666666666,1,1,0,0.5,1.0,0.6666666666666666,0.0,2,2,0,0,0,0,0.12270212173461914,0.006211757659912109,Optimal,0
aacadd9f833b7c46,2,9,6,3,5,1,8,1,0.1111111111111111,0.5,0.1818181818181818,0,3,2,0.0,0.0,0.0,0,3,2,0.0,0.0,0.0,0.0,3,3,0,0,0,0,0.1221926212310791,0.007170200347900391,Optimal,0
abf1d637ed2122e8,2,3,2,1,6,2,1,0,0.6666666666666666,1.0,0.8,1,0,1,1.0,0.5,0.6666666666666666,1,0,1,1.0,0.5,0.6666666666666666,0.0,1,1,0,0,0,0,0.14535307884216309,0.006007671356201172,Optimal,0
ad20808830930976,1,5,4,2,0,1,4,0,0.2,1.0,0.33333333333333337,1,1,0,0.5,1.0,0.6666666666666666,1,1,0,0.5,1.0,0.6666666666666666,0.0,2,2,0,0,0,0,0.13425183296203613,0.006345987319946289,Optimal,0
ad6aca201fa51896,2,9,9,6,9,1,8,1,0.1111111111111111,0.5,0.1818181818181818,1,5,1,0.16666666666666666,0.5,0.25,1,5,1,0.16666666666666666,0.5,0.25,0.0,6,6,0,0,0,0,0.1361534595489502,0.00806879997253418,Optimal,0
ae3dd169da01729f,1,3,4,3,3,1,2,0,0.3333333333333333,1.0,0.5,1,2,0,0.3333333333333333,1.0,0.5,1,2,0,0.3333333333333333,1.0,0.5,0.0,3,3,0,0,0,0,0.14014768600463867,0.00640559196472168,Optimal,0
aecc6fdf5a5f66b9,5,15,7,8,21,3,12,2,0.2,0.6,0.3,3,5,2,0.375,0.6,0.4615384615384615,3,5,2,0.375,0.6,0.4615384615384615,0.0,8,8,0,0,0,0,0.13502836227416992,0.007167816162109375,Optimal,0
b1b9df89276a198b,3,5,4,4,7,3,2,0,0.6,1.0,0.7499999999999999,2,1,1,0.6666666666666666,0.6666666666666666,0.6666666666666666,2,1,1,0.6666666666666666,0.6666666666666666,0.6666666666666666,0.0,3,3,0,0,0,0,0.10224080085754395,0.006341457366943359,Optimal,0
b379c09ba49595b4,1,6,3,2,10,1,5,0,0.16666666666666666,1.0,0.2857142857142857,1,1,0,0.5,1.0,0.6666666666666666,1,1,0,0.5,1.0,0.6666666666666666,0.0,2,2,0,0,0,0,0.13961076736450195,0.006249427795410156,Optimal,0
b4068aa9b3b58fa8,1,5,5,3,5,1,4,0,0.2,1.0,0.33333333333333337,1,2,0,0.3333333333333333,1.0,0.5,1,2,0,0.3333333333333333,1.0,0.5,0.0,3,3,0,0,0,0,0.13146185874938965,0.006443977355957031,Optimal,0
b432735a2d626bc2,6,7,4,2,12,6,1,0,0.8571428571428571,1.0,0.923076923076923,2,0,4,1.0,0.3333333333333333,0.5,2,0,4,1.0,0.3333333333333333,0.5,0.0,2,2,0,0,0,0,0.09979939460754395,0.006645679473876953,Optimal,0
b4bf8713c7f34283,2,2,3,2,2,1,1,1,0.5,0.5,0.5,1,1,1,0.5,0.5,0.5,1,1,1,0.5,0.5,0.5,0.0,2,2,0,0,0,0,0.13507580757141113,0.0062830448150634766,Optimal,0
b6d6e570eccdb5ec,3,4,3,2,5,3,1,0,0.75,1.0,0.8571428571428571,2,0,1,1.0,0.6666666666666666,0.8,2,0,1,1.0,0.6666666666666666,0.8,0.0,2,2,0,0,0,0,0.1372995376586914,0.006376028060913086,Optimal,0
b6ebb2fdb29dc778,4,12,2,1,2,1,11,3,0.08333333333333333,0.25,0.125,1,0,3,1.0,0.25,0.4,1,0,3,1.0,0.25,0.4,0.0,1,1,0,0,0,0,0.11840486526489258,0.006383657455444336,Optimal,0
b7904a8837396983,10,18,7,5,10,8,10,2,0.4444444444444444,0.8,0.5714285714285714,3,2,7,0.6,0.3,0.4,3,2,7,0.6,0.3,0.4,0.0,5,5,0,0,0,0,0.14149141311645508,0.007208824157714844,Optimal,0
b793c3cd82e1b00e,3,4,2,3,4,3,1,0,0.75,1.0,0.8571428571428571,1,0,2,1.0,0.3333333333333333,0.5,1,0,2,1.0,0.3333333333333333,0.5,0.0,1,1,0,0,0,0,0.1285724639892578,0.006443023681640625,Optimal,0
b7d604c0f497cecf,2,2,2,1,2,2,0,0,1.0,1.0,1.0,1,0,1,1.0,0.5,0.6666666666666666,1,0,1,1.0,0.5,0.6666666666666666,0.0,1,1,0,0,0,0,0.09673953056335449,0.005921840667724609,Optimal,0
b809013feee5805a,4,10,5,4,10,4,6,0,0.4,1.0,0.5714285714285715,2,2,2,0.5,0.5,0.5,2,2,2,0.5,0.5,0.5,0.0,4,4,0,0,0,0,0.1257307529449463,0.006772279739379883,Optimal,0
b8d6dcbc1ee43a28,1,2,2,1,2,1,1,0,0.5,1.0,0.6666666666666666,1,0,0,1.0,1.0,1.0,1,0,0,1.0,1.0,1.0,0.0,1,1,0,0,0,0,0.11904668807983398,0.006011009216308594,Optimal,0
ba2ce56c4a558b46,6,12,7,6,6,4,8,2,0.3333333333333333,0.6666666666666666,0.4444444444444444,3,3,3,0.5,0.5,0.5,3,3,3,0.5,0.5,0.5,0.0,6,6,0,0,0,0,0.13112974166870117,0.006819486618041992,Optimal,0
bb5aca7adfb2d415,2,3,3,2,6,2,1,0,0.6666666666666666,1.0,0.8,1,1,1,0.5,0.5,0.5,1,1,1,0.5,0.5,0.5,0.0,2,2,0,0,0,0,0.10133051872253418,0.006340742111206055,Optimal,0
bb872dbf60de40a0,2,5,6,3,5,2,3,0,0.4,1.0,0.5714285714285715,2,1,0,0.6666666666666666,1.0,0.8,2,1,0,0.6666666666666666,1.0,0.8,0.0,3,3,0,0,0,0,0.13153886795043945,0.006702423095703125,Optimal,0
bd5c58974539e9ec,6,4,0,0,0,4,0,2,1.0,0.6666666666666666,0.8,0,0,6,0.0,0.0,0.0,0,0,6,0.0,0.0,0.0,0.0,0,0,0,0,0,0,0.13426780700683594,0.004580974578857422,Optimal,0
be836aa24cb54cb3,2,4,3,2,4,2,2,0,0.5,1.0,0.6666666666666666,2,0,0,1.0,1.0,1.0,2,0,0,1.0,1.0,1.0,0.0,2,2,0,0,0,0,0.13261055946350098,0.006324052810668945,Optimal,0
c09a331e62a12d04,40,48,35,34,0,27,21,13,0.5625,0.675,0.6136363636363636,27,7,13,0.7941176470588235,0.675,0.7297297297297296,27,7,13,0.7941176470588235,0.675,0.7297297297297296,0.0,34,34,0,0,0,0,0.13222193717956543,0.009098052978515625,Optimal,0
c10217d15b7b93a5,2,8,6,4,9,2,6,0,0.25,1.0,0.4,2,2,0,0.5,1.0,0.6666666666666666,2,2,0,0.5,1.0,0.6666666666666666,0.0,4,4,0,0,0,0,0.12498593330383301,0.00688481330871582,Optimal,0
c160e483b6c16f12,1,2,2,1,2,1,1,0,0.5,1.0,0.6666666666666666,1,0,0,1.0,1.0,1.0,1,0,0,1.0,1.0,1.0,0.0,1,1,0,0,0,0,0.13046026229858398,0.0059661865234375,Optimal,0
c479beacc67d4b7d,1,2,3,2,1,1,1,0,0.5,1.0,0.6666666666666666,1,1,0,0.5,1.0,0.6666666666666666,1,1,0,0.5,1.0,0.6666666666666666,0.0,2,2,0,0,0,0,0.09096121788024902,0.005952119827270508,Optimal,0
c4a79ad7987f24b9,7,5,6,3,10,3,2,4,0.6,0.42857142857142855,0.5,3,0,4,1.0,0.42857142857142855,0.6,3,0,4,1.0,0.42857142857142855,0.6,0.0,3,3,0,0,0,0,0.13381004333496094,0.006583452224731445,Optimal,0
c506cdf48321ee2e,1,2,3,2,0,1,1,0,0.5,1.0,0.6666666666666666,1,1,0,0.5,1.0,0.6666666666666666,1,1,0,0.5,1.0,0.6666666666666666,0.0,2,2,0,0,0,0,0.13109683990478516,0.005870342254638672,Optimal,0
c5398214bb3f6dda,2,3,2,2,3,2,1,0,0.6666666666666666,1.0,0.8,1,0,1,1.0,0.5,0.6666666666666666,1,0,1,1.0,0.5,0.6666666666666666,0.0,1,1,0,0,0,0,0.09570527076721191,0.005916118621826172,Optimal,0
c705061238b1fe30,1,26,17,20,17,0,26,1,0.0,0.0,0.0,0,20,1,0.0,0.0,0.0,0,20,1,0.0,0.0,0.0,0.0,20,20,0,0,0,0,0.12685441970825195,0.007293224334716797,Optimal,0
c7a6a5f2a8f674ce,1,3,2,1,3,1,2,0,0.3333333333333333,1.0,0.5,1,0,0,1.0,1.0,1.0,1,0,0,1.0,1.0,1.0,0.0,1,1,0,0,0,0,0.13182735443115234,0.006623268127441406,Optimal,0
c7e7654a5c583b13,1,3,2,1,0,1,2,0,0.3333333333333333,1.0,0.5,1,0,0,1.0,1.0,1.0,1,0,0,1.0,1.0,1.0,0.0,1,1,0,0,0,0,0.11320233345031738,0.006026744842529297,Optimal,0
c864c741b7fa44f4,1,7,4,4,7,1,6,0,0.14285714285714285,1.0,0.25,0,3,1,0.0,0.0,0.0,0,3,1,0.0,0.0,0.0,0.0,3,3,0,0,0,0,0.1318354606628418,0.0062389373779296875,Optimal,0
c8a4a4786eea0ec5,2,8,6,5,0,2,6,0,0.25,1.0,0.4,2,3,0,0.4,1.0,0.5714285714285715,2,3,0,0.4,1.0,0.5714285714285715,0.0,5,5,0,0,0,0,0.12538743019104004,0.0069310665130615234,Optimal,0
c9beadfaec7b5043,1,4,3,3,4,0,4,1,0.0,0.0,0.0,0,2,1,0.0,0.0,0.0,0,2,1,0.0,0.0,0.0,0.0,2,2,0,0,0,0,0.13320541381835938,0.006176471710205078,Optimal,0
ca3ef34d7304dd6c,4,6,3,2,12,4,2,0,0.6666666666666666,1.0,0.8,2,0,2,1.0,0.5,0.6666666666666666,2,0,2,1.0,0.5,0.6666666666666666,0.0,2,2,0,0,0,0,0.13425707817077637,0.006496429443359375,Optimal,0
cca11bfdbfa9f92f,8,15,0,0,0,0,15,8,0.0,0.0,0.0,0,0,8,0.0,0.0,0.0,0,0,8,0.0,0.0,0.0,0.0,0,0,0,0,0,0,0.16359877586364746,0.00474858283996582,Optimal,0
cdb2b707ef94db2c,11,11,0,0,0,4,7,7,0.36363636363636365,0.36363636363636365,0.36363636363636365,0,0,11,0.0,0.0,0.0,0,0,11,0.0,0.0,0.0,0.0,0,0,0,0,0,0,0.12172484397888184,0.004796743392944336,Optimal,0
cddd3bc1bdb5ccb8,2,4,4,2,4,2,2,0,0.5,1.0,0.6666666666666666,2,0,0,1.0,1.0,1.0,2,0,0,1.0,1.0,1.0,0.0,2,2,0,0,0,0,0.12384676933288574,0.006166934967041016,Optimal,0
ce7aa02b052cb75a,1,2,2,1,3,1,1,0,0.5,1.0,0.6666666666666666,1,0,0,1.0,1.0,1.0,1,0,0,1.0,1.0,1.0,0.0,1,1,0,0,0,0,0.1302037239074707,0.00638890266418457,Optimal,0
cf97377cb331bb4d,1,1,2,1,1,1,0,0,1.0,1.0,1.0,1,0,0,1.0,1.0,1.0,1,0,0,1.0,1.0,1.0,0.0,1,1,0,0,0,0,0.13031315803527832,0.006238460540771484,Optimal,0
d0d5130bf995f3dd,1,2,2,1,2,1,1,0,0.5,1.0,0.6666666666666666,1,0,0,1.0,1.0,1.0,1,0,0,1.0,1.0,1.0,0.0,1,1,0,0,0,0,0.1254100799560547,0.006797075271606445,Optimal,0
d1a9733014ce4e89,1,12,7,7,21,1,11,0,0.08333333333333333,1.0,0.15384615384615385,1,6,0,0.14285714285714285,1.0,0.25,1,6,0,0.14285714285714285,1.0,0.25,0.0,7,7,0,0,0,0,0.13298916816711426,0.00723719596862793,Optimal,0
d1ef645e3687eb31,9,6,6,4,12,2,4,7,0.3333333333333333,0.2222222222222222,0.26666666666666666,2,1,7,0.6666666666666666,0.2222222222222222,0.3333333333333333,2,1,7,0.6666666666666666,0.2222222222222222,0.3333333333333333,0.0,3,3,0,0,0,0,0.15795183181762695,0.006795644760131836,Optimal,0
d29f095f98aec84f,1,2,3,1,0,0,2,1,0.0,0.0,0.0,0,1,1,0.0,0.0,0.0,0,1,1,0.0,0.0,0.0,0.0,1,1,0,0,0,0,0.12392091751098633,0.006094932556152344,Optimal,0
d2d5e5cc2b420898,2,4,3,2,8,1,3,1,0.25,0.5,0.3333333333333333,1,1,1,0.5,0.5,0.5,1,1,1,0.5,0.5,0.5,0.0,2,2,0,0,0,0,0.11905956268310547,0.006467103958129883,Optimal,0
d2fd5a5b75deb8e6,3,8,6,6,5,3,5,0,0.375,1.0,0.5454545454545454,3,3,0,0.5,1.0,0.6666666666666666,3,3,0,0.5,1.0,0.6666666666666666,0.0,6,6,0,0,0,0,0.12187981605529785,0.006764411926269531,Optimal,0
d32f37b94e40e78a,3,5,3,2,4,3,2,0,0.6,1.0,0.7499999999999999,1,1,2,0.5,0.3333333333333333,0.4,1,1,2,0.5,0.3333333333333333,0.4,0.0,2,2,0,0,0,0,0.11696767807006836,0.006621599197387695,Optimal,0
d44801d0b7da712e,2,1,2,1,0,0,1,2,0.0,0.0,0.0,0,1,2,0.0,0.0,0.0,0,1,2,0.0,0.0,0.0,0.0,1,1,0,0,0,0,0.11137986183166504,0.005939483642578125,Optimal,0
d4a83afb84b0f902,4,3,0,0,0,3,0,1,1.0,0.75,0.8571428571428571,0,0,4,0.0,0.0,0.0,0,0,4,0.0,0.0,0.0,0.0,0,0,0,0,0,0,0.12855815887451172,0.004673004150390625,Optimal,0
d4c9a417b5e7ba37,2,10,3,2,0,2,8,0,0.2,1.0,0.33333333333333337,1,1,1,0.5,0.5,0.5,1,1,1,0.5,0.5,0.5,0.0,2,2,0,0,0,0,0.12221169471740723,0.00645756721496582,Optimal,0
d5a1e51d937f330f,2,5,2,2,5,2,3,0,0.4,1.0,0.5714285714285715,1,0,1,1.0,0.5,0.6666666666666666,1,0,1,1.0,0.5,0.6666666666666666,0.0,1,1,0,0,0,0,0.13263678550720215,0.006047487258911133,Optimal,0
d6bdc197b5645e29,2,2,3,2,0,2,0,0,1.0,1.0,1.0,2,0,0,1.0,1.0,1.0,2,0,0,1.0,1.0,1.0,0.0,2,2,0,0,0,0,0.1274111270904541,0.006056785583496094,Optimal,0
d7f48eef89b429ff,3,4,2,3,4,3,1,0,0.75,1.0,0.8571428571428571,1,0,2,1.0,0.3333333333333333,0.5,1,0,2,1.0,0.3333333333333333,0.5,0.0,1,1,0,0,0,0,0.13147759437561035,0.0065615177154541016,Optimal,0
d8241d4c97b7bdc7,2,4,2,1,1,2,2,0,0.5,1.0,0.6666666666666666,1,0,1,1.0,0.5,0.6666666666666666,1,0,1,1.0,0.5,0.6666666666666666,0.0,1,1,0,0,0,0,0.13457107543945312,0.0061070919036865234,Optimal,0
d92f7bdf1bfbcb31,1,4,2,2,4,1,3,0,0.25,1.0,0.4,0,1,1,0.0,0.0,0.0,0,1,1,0.0,0.0,0.0,0.0,1,1,0,0,0,0,0.11711239814758301,0.006142139434814453,Optimal,0
d9e9a8b9befb3f51,1,8,2,1,2,1,7,0,0.125,1.0,0.2222222222222222,0,1,1,0.0,0.0,0.0,0,1,1,0.0,0.0,0.0,0.0,1,1,0,0,0,0,0.1294863224029541,0.006224870681762695,Optimal,0
dabd65b40c5f53fc,5,19,8,10,10,4,15,1,0.21052631578947367,0.8,0.3333333333333333,4,6,1,0.4,0.8,0.5333333333333333,4,6,1,0.4,0.8,0.5333333333333333,0.0,10,10,0,0,0,0,0.1334819793701172,0.0064449310302734375,Optimal,0
db73cb1e1bbecd08,2,2,1,0,0,1,1,1,0.5,0.5,0.5,0,0,2,0.0,0.0,0.0,0,0,2,0.0,0.0,0.0,0.0,0,0,0,0,0,0,0.11594820022583008,0.005865335464477539,Optimal,0
db9455699be59212,2,2,2,1,2,2,0,0,1.0,1.0,1.0,1,0,1,1.0,0.5,0.6666666666666666,1,0,1,1.0,0.5,0.6666666666666666,0.0,1,1,0,0,0,0,0.1320493221282959,0.0059850215911865234,Optimal,0
dd1160459778fdd6,1,1,2,1,1,0,1,1,0.0,0.0,0.0,0,1,1,0.0,0.0,0.0,0,1,1,0.0,0.0,0.0,0.0,1,1,0,0,0,0,0.1252307891845703,0.006093740463256836,Optimal,0
dd424886ee4db1df,1,3,2,1,3,1,2,0,0.3333333333333333,1.0,0.5,1,0,0,1.0,1.0,1.0,1,0,0,1.0,1.0,1.0,0.0,1,1,0,0,0,0,0.14008712768554688,0.005995988845825195,Optimal,0
dd5cce09d5f254cc,3,2,2,1,4,1,1,2,0.5,0.3333333333333333,0.4,1,0,2,1.0,0.3333333333333333,0.5,1,0,2,1.0,0.3333333333333333,0.5,0.0,1,1,0,0,0,0,0.12052178382873535,0.006031990051269531,Optimal,0
dd7c6dbfee84e796,1,3,0,0,0,1,2,0,0.3333333333333333,1.0,0.5,0,0,1,0.0,0.0,0.0,0,0,1,0.0,0.0,0.0,0.0,0,0,0,0,0,0,0.1312425136566162,0.004895210266113281,Optimal,0
ddebe5a86b2713c4,2,2,2,1,0,2,0,0,1.0,1.0,1.0,1,0,1,1.0,0.5,0.6666666666666666,1,0,1,1.0,0.5,0.6666666666666666,0.0,1,1,0,0,0,0,0.12131190299987793,0.006387948989868164,Optimal,0
de578e711d5d2712,8,14,4,2,0,8,6,0,0.5714285714285714,1.0,0.7272727272727273,2,0,6,1.0,0.25,0.4,2,0,6,1.0,0.25,0.4,0.0,2,2,0,0,0,0,0.13144183158874512,0.006356477737426758,Optimal,0
df0179678dcd6762,2,12,9,6,6,1,11,1,0.08333333333333333,0.5,0.14285714285714285,1,5,1,0.16666666666666666,0.5,0.25,1,5,1,0.16666666666666666,0.5,0.25,0.0,6,6,0,0,0,0,0.13468408584594727,0.00695347785949707,Optimal,0
df01a6bc5ed9029e,2,16,10,9,16,2,14,0,0.125,1.0,0.2222222222222222,2,7,0,0.2222222222222222,1.0,0.3636363636363636,2,7,0,0.2222222222222222,1.0,0.3636363636363636,0.0,9,9,0,0,0,0,0.11832618713378906,0.006662845611572266,Optimal,0
e0aa41e2ede3de7d,4,2,3,2,2,2,0,2,1.0,0.5,0.6666666666666666,2,0,2,1.0,0.5,0.6666666666666666,2,0,2,1.0,0.5,0.6666666666666666,0.0,2,2,0,0,0,0,0.13097333908081055,0.0067980289459228516,Optimal,0
e12d3e0517297b73,1,3,4,3,0,0,3,1,0.0,0.0,0.0,0,3,1,0.0,0.0,0.0,0,3,1,0.0,0.0,0.0,0.0,3,3,0,0,0,0,0.09318280220031738,0.006651163101196289,Optimal,0
e216dd92c7f1e961,1,20,17,15,12,1,19,0,0.05,1.0,0.09523809523809523,1,14,0,0.06666666666666667,1.0,0.125,1,14,0,0.06666666666666667,1.0,0.125,0.0,15,15,0,0,0,0,0.13382673263549805,0.007183074951171875,Optimal,0
e3f5e554f66f6595,9,10,2,1,1,4,6,5,0.4,0.4444444444444444,0.4210526315789474,1,0,8,1.0,0.1111111111111111,0.19999999999999998,1,0,8,1.0,0.1111111111111111,0.19999999999999998,0.0,1,1,0,0,0,0,0.11879515647888184,0.00614476203918457,Optimal,0
e6697a9f8ec12c82,1,5,2,1,0,1,4,0,0.2,1.0,0.33333333333333337,1,0,0,1.0,1.0,1.0,1,0,0,1.0,1.0,1.0,0.0,1,1,0,0,0,0,0.1264631748199463,0.006105184555053711,Optimal,0
e91b89ea86367570,3,2,2,1,2,2,0,1,1.0,0.6666666666666666,0.8,1,0,2,1.0,0.3333333333333333,0.5,1,0,2,1.0,0.3333333333333333,0.5,0.0,1,1,0,0,0,0,0.12852144241333008,0.0058441162109375,Optimal,0
e955e464ee18492a,1,4,2,1,7,1,3,0,0.25,1.0,0.4,1,0,0,1.0,1.0,1.0,1,0,0,1.0,1.0,1.0,0.0,1,1,0,0,0,0,0.13252735137939453,0.0061435699462890625,Optimal,0
ea0cd65da3d17cb6,2,4,4,3,4,0,4,2,0.0,0.0,0.0,0,2,2,0.0,0.0,0.0,0,2,2,0.0,0.0,0.0,0.0,2,2,0,0,0,0,0.12760257720947266,0.0073986053466796875,Optimal,0
ea2a84f5d29be501,2,4,2,1,2,2,2,0,0.5,1.0,0.6666666666666666,1,0,1,1.0,0.5,0.6666666666666666,1,0,1,1.0,0.5,0.6666666666666666,0.0,1,1,0,0,0,0,0.13316035270690918,0.0059964656829833984,Optimal,0
eadce84978423613,5,7,4,3,10,4,3,1,0.5714285714285714,0.8,0.6666666666666666,2,1,3,0.6666666666666666,0.4,0.5,1,1,4,0.5,0.2,0.28571428571428575,-0.21428571428571425,3,2,1,1,0,0,0.13632726669311523,0.006556272506713867,Optimal,0
ecbbb807ff44e14d,1,1,2,1,1,1,0,0,1.0,1.0,1.0,1,0,0,1.0,1.0,1.0,1,0,0,1.0,1.0,1.0,0.0,1,1,0,0,0,0,0.12708592414855957,0.005979061126708984,Optimal,0
ed583cb7dc069691,1,1,2,1,1,1,0,0,1.0,1.0,1.0,1,0,0,1.0,1.0,1.0,1,0,0,1.0,1.0,1.0,0.0,1,1,0,0,0,0,0.1287245750427246,0.005967140197753906,Optimal,0
f00d696f4d0663e1,2,2,2,1,2,2,0,0,1.0,1.0,1.0,1,0,1,1.0,0.5,0.6666666666666666,1,0,1,1.0,0.5,0.6666666666666666,0.0,1,1,0,0,0,0,0.20508646965026855,0.0067250728607177734,Optimal,0
f0ec9c4728c00172,5,11,5,4,0,3,8,2,0.2727272727272727,0.6,0.37499999999999994,3,1,2,0.75,0.6,0.6666666666666665,3,1,2,0.75,0.6,0.6666666666666665,0.0,4,4,0,0,0,0,0.09246969223022461,0.006278038024902344,Optimal,0
f185f8f2d67d0067,5,7,3,2,14,4,3,1,0.5714285714285714,0.8,0.6666666666666666,2,0,3,1.0,0.4,0.5714285714285715,2,0,3,1.0,0.4,0.5714285714285715,0.0,2,2,0,0,0,0,0.10214114189147949,0.006433963775634766,Optimal,0
f339b1c5438b5b7c,7,7,9,5,13,0,7,7,0.0,0.0,0.0,0,5,7,0.0,0.0,0.0,0,5,7,0.0,0.0,0.0,0.0,5,5,0,0,0,0,0.1222689151763916,0.007744550704956055,Optimal,0
f3e7fed441e35ccd,1,2,2,1,2,1,1,0,0.5,1.0,0.6666666666666666,1,0,0,1.0,1.0,1.0,1,0,0,1.0,1.0,1.0,0.0,1,1,0,0,0,0,0.1146702766418457,0.006079435348510742,Optimal,0
f54cecf49c0397f5,1,2,2,1,2,1,1,0,0.5,1.0,0.6666666666666666,1,0,0,1.0,1.0,1.0,1,0,0,1.0,1.0,1.0,0.0,1,1,0,0,0,0,0.13321876525878906,0.005972385406494141,Optimal,0
f88b1b035c47011b,3,6,5,6,6,3,3,0,0.5,1.0,0.6666666666666666,1,2,2,0.3333333333333333,0.3333333333333333,0.3333333333333333,1,2,2,0.3333333333333333,0.3333333333333333,0.3333333333333333,0.0,3,3,0,0,0,0,0.12031888961791992,0.006561756134033203,Optimal,0
f98e23895593ab01,3,3,2,1,6,2,1,1,0.6666666666666666,0.6666666666666666,0.6666666666666666,1,0,2,1.0,0.3333333333333333,0.5,1,0,2,1.0,0.3333333333333333,0.5,0.0,1,1,0,0,0,0,0.11423707008361816,0.00621795654296875,Optimal,0
f9d76673400715e9,1,1,2,1,1,1,0,0,1.0,1.0,1.0,1,0,0,1.0,1.0,1.0,1,0,0,1.0,1.0,1.0,0.0,1,1,0,0,0,0,0.10143852233886719,0.006033897399902344,Optimal,0
f9e161f84d07e4c0,1,5,3,3,8,1,4,0,0.2,1.0,0.33333333333333337,1,1,0,0.5,1.0,0.6666666666666666,1,1,0,0.5,1.0,0.6666666666666666,0.0,2,2,0,0,0,0,0.1273338794708252,0.006524562835693359,Optimal,0
f9e68389f2422650,6,3,4,3,6,2,1,4,0.6666666666666666,0.3333333333333333,0.4444444444444444,2,1,4,0.6666666666666666,0.3333333333333333,0.4444444444444444,2,1,4,0.6666666666666666,0.3333333333333333,0.4444444444444444,0.0,3,3,0,0,0,0,0.13442111015319824,0.006718158721923828,Optimal,0
fb29a634ec39a4c1,2,7,0,0,0,2,5,0,0.2857142857142857,1.0,0.4444444444444445,0,0,2,0.0,0.0,0.0,0,0,2,0.0,0.0,0.0,0.0,0,0,0,0,0,0,0.1277456283569336,0.004629611968994141,Optimal,0
fc14f1cce131d551,3,4,6,3,8,3,1,0,0.75,1.0,0.8571428571428571,3,0,0,1.0,1.0,1.0,3,0,0,1.0,1.0,1.0,0.0,3,3,0,0,0,0,0.10452818870544434,0.006746768951416016,Optimal,0
fcae2d2574521a1a,4,8,3,2,16,4,4,0,0.5,1.0,0.6666666666666666,2,0,2,1.0,0.5,0.6666666666666666,2,0,2,1.0,0.5,0.6666666666666666,0.0,2,2,0,0,0,0,0.09979462623596191,0.006650209426879883,Optimal,0
fcfbd8e754fea64f,2,2,4,2,0,2,0,0,1.0,1.0,1.0,2,0,0,1.0,1.0,1.0,2,0,0,1.0,1.0,1.0,0.0,2,2,0,0,0,0,0.12825870513916016,0.007261753082275391,Optimal,0
fd29da80d062d4df,1,2,2,1,2,1,1,0,0.5,1.0,0.6666666666666666,1,0,0,1.0,1.0,1.0,1,0,0,1.0,1.0,1.0,0.0,1,1,0,0,0,0,0.1334528923034668,0.006170988082885742,Optimal,0
fdef6eed1051dd32,1,2,2,1,2,1,1,0,0.5,1.0,0.6666666666666666,1,0,0,1.0,1.0,1.0,1,0,0,1.0,1.0,1.0,0.0,1,1,0,0,0,0,0.12650179862976074,0.0067255496978759766,Optimal,0
fdefeec421b9a4df,1,4,3,2,4,1,3,0,0.25,1.0,0.4,1,1,0,0.5,1.0,0.6666666666666666,1,1,0,0.5,1.0,0.6666666666666666,0.0,2,2,0,0,0,0,0.13761210441589355,0.006543159484863281,Optimal,0
fe600639ac5f36c1,2,6,4,3,6,2,4,0,0.3333333333333333,1.0,0.5,1,2,1,0.3333333333333333,0.5,0.4,1,2,1,0.3333333333333333,0.5,0.4,0.0,3,3,0,0,0,0,0.13006305694580078,0.007033109664916992,Optimal,0
fe67317504c74466,1,1,2,1,1,1,0,0,1.0,1.0,1.0,1,0,0,1.0,1.0,1.0,1,0,0,1.0,1.0,1.0,0.0,1,1,0,0,0,0,0.1318197250366211,0.007750988006591797,Optimal,0
ff50b6fca1c1d54b,6,4,4,3,5,3,1,3,0.75,0.5,0.6,2,1,4,0.6666666666666666,0.3333333333333333,0.4444444444444444,2,1,4,0.6666666666666666,0.3333333333333333,0.4444444444444444,0.0,3,3,0,0,0,0,0.12189912796020508,0.006746530532836914,Optimal,0
ffb2640fb0b5a865,6,6,2,1,4,4,2,2,0.6666666666666666,0.6666666666666666,0.6666666666666666,1,0,5,1.0,0.16666666666666666,0.2857142857142857,1,0,5,1.0,0.16666666666666666,0.2857142857142857,0.0,1,1,0,0,0,0,0.1203150749206543,0.006560087203979492,Optimal,0
ffddf3805faf3cbf,1,2,2,1,2,1,1,0,0.5,1.0,0.6666666666666666,0,1,1,0.0,0.0,0.0,0,1,1,0.0,0.0,0.0,0.0,1,1,0,0,0,0,0.11701822280883789,0.0061948299407958984,Optimal,0
