image_id,n_gt_rel,n_candidate_pool,reltr_selected,ocosl_selected,reltr_tp,ocosl_v3_tp,removed_by_ocosl,removed_true_positive,added_by_ocosl,added_true_positive,reltr_f1,ocosl_v3_f1,delta_f1
0071f62f5d703904,5,8,8,8,5,5,0,0,0,0,0.7692307692307693,0.7692307692307693,0.0
00e0a53e14bf2447,2,2,2,2,2,2,0,0,0,0,1.0,1.0,0.0
01bf00da5f94e942,25,13,13,13,6,6,0,0,0,0,0.3157894736842105,0.3157894736842105,0.0
020c7b8e6d605069,1,1,1,1,0,0,0,0,0,0,0.0,0.0,0.0
0319faa662ff5d06,2,1,1,1,1,1,0,0,0,0,0.6666666666666666,0.6666666666666666,0.0
060091417ccafbcf,1,2,2,2,0,0,0,0,0,0,0.0,0.0,0.0
0649557c211985bd,2,0,0,0,0,0,0,0,0,0,0.0,0.0,0.0
078fd57f81047cf3,4,5,5,5,2,2,0,0,0,0,0.4444444444444445,0.4444444444444445,0.0
07c216b2baad22e7,10,2,2,2,2,2,0,0,0,0,0.33333333333333337,0.33333333333333337,0.0
09625dc24eb205b4,1,3,3,3,1,1,0,0,0,0,0.5,0.5,0.0
09e617d9d3120b32,2,1,1,1,1,1,0,0,0,0,0.6666666666666666,0.6666666666666666,0.0
0a02c648d24f39fb,1,1,1,1,0,0,0,0,0,0,0.0,0.0,0.0
0d16c88ec322340f,1,2,2,2,1,1,0,0,0,0,0.6666666666666666,0.6666666666666666,0.0
0dce9e80f546efc6,1,2,2,2,1,1,0,0,0,0,0.6666666666666666,0.6666666666666666,0.0
0e481ee0c6655eb1,2,1,1,1,1,1,0,0,0,0,0.6666666666666666,0.6666666666666666,0.0
0ff8dd7e1d0f6010,3,3,1,1,1,1,1,1,1,1,0.5,0.5,0.0
106c8de22ed8d1d4,8,11,11,11,5,5,0,0,0,0,0.5263157894736842,0.5263157894736842,0.0
10cae64b8b77b511,2,1,1,1,0,0,0,0,0,0,0.0,0.0,0.0
115150a6ba4eb0ca,3,1,1,1,1,1,0,0,0,0,0.5,0.5,0.0
116cb9c709ca88e7,1,1,1,1,1,1,0,0,0,0,1.0,1.0,0.0
1220e474e709cdf1,1,0,0,0,0,0,0,0,0,0,0.0,0.0,0.0
122259cbb3d91b12,3,1,1,1,1,1,0,0,0,0,0.5,0.5,0.0
1313a4add388424c,2,2,1,1,1,1,0,0,0,0,0.6666666666666666,0.6666666666666666,0.0
135deaa5afb21894,1,0,0,0,0,0,0,0,0,0,0.0,0.0,0.0
13d93884b48bc28c,2,4,3,3,1,1,0,0,0,0,0.4,0.4,0.0
13ffeb4fec0d2c49,3,3,2,2,2,2,0,0,0,0,0.8,0.8,0.0
141d8961e111ead7,9,28,28,28,7,7,0,0,0,0,0.3783783783783784,0.3783783783783784,0.0
146316cdeb2aef2a,4,5,5,5,2,2,0,0,0,0,0.4444444444444445,0.4444444444444445,0.0
1654c86093ada840,2,1,1,1,1,1,0,0,0,0,0.6666666666666666,0.6666666666666666,0.0
169795b5dffa3dc6,2,1,1,1,1,1,0,0,0,0,0.6666666666666666,0.6666666666666666,0.0
18f5b21c06c6f3d1,8,3,3,3,3,3,0,0,0,0,0.5454545454545454,0.5454545454545454,0.0
19aa926f2f7d9782,1,1,1,1,1,1,0,0,0,0,1.0,1.0,0.0
1ad1b75ba69177b3,1,0,0,0,0,0,0,0,0,0,0.0,0.0,0.0
1b02d463464d45f3,1,0,0,0,0,0,0,0,0,0,0.0,0.0,0.0
1b75ec99a2b81fa6,2,1,1,1,1,1,0,0,0,0,0.6666666666666666,0.6666666666666666,0.0
1b8c4e46421a0a9f,1,1,1,1,1,1,0,0,0,0,1.0,1.0,0.0
1bde6aa77c1a45fb,4,13,13,13,4,4,0,0,0,0,0.47058823529411764,0.47058823529411764,0.0
1c1a752a8b9553f7,1,0,0,0,0,0,0,0,0,0,0.0,0.0,0.0
1d6468e90f600660,2,2,2,2,2,2,0,0,0,0,1.0,1.0,0.0
1d8766876ad7362a,1,1,1,1,1,1,0,0,0,0,1.0,1.0,0.0
1e7b2a58768e328c,2,1,1,1,1,1,0,0,0,0,0.6666666666666666,0.6666666666666666,0.0
1f05d514448663fc,1,1,1,1,0,0,0,0,0,0,0.0,0.0,0.0
1f6c156f2cb2d4f2,2,1,1,1,1,1,0,0,0,0,0.6666666666666666,0.6666666666666666,0.0
1f7c30f0c24fda91,4,2,2,2,1,1,0,0,0,0,0.3333333333333333,0.3333333333333333,0.0
1fe277f5abfc7d74,4,2,2,2,2,2,0,0,0,0,0.6666666666666666,0.6666666666666666,0.0
2198847783e240e7,2,1,1,1,1,1,0,0,0,0,0.6666666666666666,0.6666666666666666,0.0
231a40bf7aa6ddb9,3,4,4,4,2,2,0,0,0,0,0.5714285714285715,0.5714285714285715,0.0
23282811e70b4df7,4,1,1,1,1,1,0,0,0,0,0.4,0.4,0.0
24ecee17e7b53fab,2,3,3,3,2,2,0,0,0,0,0.8,0.8,0.0
25ce96bd10afe1b0,9,3,3,3,3,3,0,0,0,0,0.5,0.5,0.0
26d3e6efda2035c0,2,1,1,1,1,1,0,0,0,0,0.6666666666666666,0.6666666666666666,0.0
2722015316635d05,1,1,1,1,1,1,0,0,0,0,1.0,1.0,0.0
286de7c921469cec,2,2,2,2,2,2,0,0,0,0,1.0,1.0,0.0
2bded1f9cb587843,1,0,0,0,0,0,0,0,0,0,0.0,0.0,0.0
2ce0d48f1957670e,1,1,1,1,1,1,0,0,0,0,1.0,1.0,0.0
2dab4bf641b91d2a,2,3,2,2,2,2,0,0,0,0,1.0,1.0,0.0
2e08a3701ae74310,1,2,2,2,1,1,0,0,0,0,0.6666666666666666,0.6666666666666666,0.0
2e1b6b5c14f7d522,1,16,16,16,1,1,0,0,0,0,0.11764705882352941,0.11764705882352941,0.0
2e6ed3de36f341f7,4,3,3,3,3,3,0,0,0,0,0.8571428571428571,0.8571428571428571,0.0
2ed000d799794d71,2,1,1,1,0,0,0,0,0,0,0.0,0.0,0.0
2eeec709f51ecd0d,1,2,2,2,1,1,0,0,0,0,0.6666666666666666,0.6666666666666666,0.0
2f8ff99a443af1df,1,1,1,1,0,0,0,0,0,0,0.0,0.0,0.0
30ace30967aca271,4,2,2,2,2,2,0,0,0,0,0.6666666666666666,0.6666666666666666,0.0
333452abf04d1b2b,3,3,3,3,0,0,0,0,0,0,0.0,0.0,0.0
366209cb2cfa7f73,3,1,1,1,1,1,0,0,0,0,0.5,0.5,0.0
36a1f2f6d9539824,2,1,1,1,1,1,0,0,0,0,0.6666666666666666,0.6666666666666666,0.0
3881457cb3a6585e,7,0,0,0,0,0,0,0,0,0,0.0,0.0,0.0
38dde2b71edf6611,7,2,2,2,2,2,0,0,0,0,0.4444444444444445,0.4444444444444445,0.0
3b2444d13b3b30e1,1,2,2,2,1,1,0,0,0,0,0.6666666666666666,0.6666666666666666,0.0
3b78e75f33d9b90a,5,2,2,2,1,1,0,0,0,0,0.28571428571428575,0.28571428571428575,0.0
3ba112bd2a75b755,2,1,1,1,1,1,0,0,0,0,0.6666666666666666,0.6666666666666666,0.0
3bbedd517e851024,4,4,4,4,3,3,0,0,0,0,0.75,0.75,0.0
3be189900a496924,5,3,2,2,1,1,0,0,0,0,0.28571428571428575,0.28571428571428575,0.0
3c134d48cbb1e25c,1,1,1,1,1,1,0,0,0,0,1.0,1.0,0.0
3ce9353aae8238b1,1,4,3,3,1,1,0,0,0,0,0.5,0.5,0.0
3d1275028c1dcd88,3,0,0,0,0,0,0,0,0,0,0.0,0.0,0.0
3d42dd0fca5505cf,4,2,2,2,1,1,0,0,0,0,0.3333333333333333,0.3333333333333333,0.0
3e3f45d51c4a049e,2,0,0,0,0,0,0,0,0,0,0.0,0.0,0.0
3e6029e1509f1dd1,1,1,1,1,0,0,0,0,0,0,0.0,0.0,0.0
3efce935d21b765a,1,2,2,2,1,1,0,0,0,0,0.6666666666666666,0.6666666666666666,0.0
3f2cc085cfc23975,1,2,2,2,1,1,0,0,0,0,0.6666666666666666,0.6666666666666666,0.0
3f67ddce3448e74c,1,2,2,2,1,1,0,0,0,0,0.6666666666666666,0.6666666666666666,0.0
3f7d5b7ffa990565,12,9,7,7,5,5,0,0,0,0,0.5263157894736842,0.5263157894736842,0.0
408209a5977369e8,6,2,2,2,1,1,0,0,0,0,0.25,0.25,0.0
41a362d2cf8dd3f8,2,1,1,1,1,1,0,0,0,0,0.6666666666666666,0.6666666666666666,0.0
422d4210cdcdb6a5,2,1,1,1,1,1,0,0,0,0,0.6666666666666666,0.6666666666666666,0.0
4287fb387a363c94,6,0,0,0,0,0,0,0,0,0,0.0,0.0,0.0
42cdf62be2cd206c,2,15,15,15,1,1,0,0,0,0,0.11764705882352941,0.11764705882352941,0.0
43c19287631911c6,1,1,1,1,1,1,0,0,0,0,1.0,1.0,0.0
43f2a4b7197637ff,2,1,1,1,1,1,0,0,0,0,0.6666666666666666,0.6666666666666666,0.0
4420025f6d6ab706,2,7,6,6,0,0,0,0,0,0,0.0,0.0,0.0
450dc8db3bfee2c9,1,3,3,3,1,1,0,0,0,0,0.5,0.5,0.0
489b8628e0f419a5,1,1,1,1,1,1,0,0,0,0,1.0,1.0,0.0
48abd1db27d7de96,1,1,1,1,1,1,0,0,0,0,1.0,1.0,0.0
48cd906fad6004bf,2,1,1,1,1,1,0,0,0,0,0.6666666666666666,0.6666666666666666,0.0
48d7e9892a1653e3,2,1,1,1,1,1,0,0,0,0,0.6666666666666666,0.6666666666666666,0.0
494c1c49e967eb79,5,10,9,9,2,2,0,0,0,0,0.2857142857142857,0.2857142857142857,0.0
49cc9e3699b6a53e,7,11,11,11,3,3,0,0,0,0,0.33333333333333326,0.33333333333333326,0.0
4a197f10b93d99d8,1,9,9,9,1,1,0,0,0,0,0.19999999999999998,0.19999999999999998,0.0
4c9154ccd94191ff,1,3,2,2,1,1,0,0,0,0,0.6666666666666666,0.6666666666666666,0.0
4dd4010e95454176,4,17,17,17,0,0,0,0,0,0,0.0,0.0,0.0
4e409a31ed9b18e3,2,1,1,1,1,1,0,0,0,0,0.6666666666666666,0.6666666666666666,0.0
515d392264b903b5,1,1,1,1,1,1,0,0,0,0,1.0,1.0,0.0
52072b5c865a4f30,2,2,2,2,2,2,0,0,0,0,1.0,1.0,0.0
52371c64db9ee3f2,13,38,38,38,7,7,0,0,0,0,0.2745098039215686,0.2745098039215686,0.0
537fcd028b47bc5f,1,2,2,2,1,1,0,0,0,0,0.6666666666666666,0.6666666666666666,0.0
561fe7f628410a18,1,2,2,1,1,1,1,0,0,0,0.6666666666666666,1.0,0.33333333333333337
571e87b93aecab33,1,1,1,1,1,1,0,0,0,0,1.0,1.0,0.0
582be29db5b1a39d,6,1,1,1,1,1,0,0,0,0,0.2857142857142857,0.2857142857142857,0.0
5847ef17fa137eea,3,1,1,1,1,1,0,0,0,0,0.5,0.5,0.0
5a1600c71cb5d944,1,1,1,1,1,1,0,0,0,0,1.0,1.0,0.0
5a63bb568d149c2e,3,9,9,9,3,3,0,0,0,0,0.5,0.5,0.0
5b906e188aac9f24,1,0,0,0,0,0,0,0,0,0,0.0,0.0,0.0
5e59e5dc357f93f4,6,6,6,6,4,4,0,0,0,0,0.6666666666666666,0.6666666666666666,0.0
5ee03b187a08d7a4,2,1,1,1,0,0,0,0,0,0,0.0,0.0,0.0
6022a450df278025,5,4,3,3,1,1,0,0,0,0,0.25,0.25,0.0
60fdb7fd333eaf74,1,3,3,3,1,1,0,0,0,0,0.5,0.5,0.0
656abc78a9534c08,3,2,2,2,1,1,0,0,0,0,0.4,0.4,0.0
659fc7394df83f02,2,1,1,1,1,1,0,0,0,0,0.6666666666666666,0.6666666666666666,0.0
66628a0eee9deb75,3,0,0,0,0,0,0,0,0,0,0.0,0.0,0.0
66a048ed7d6aabcc,3,3,1,1,1,1,0,0,0,0,0.5,0.5,0.0
66ef4a8a4a84b9b3,14,7,7,7,4,4,0,0,0,0,0.38095238095238093,0.38095238095238093,0.0
671dce6fe4eb944d,3,3,3,3,2,2,0,0,0,0,0.6666666666666666,0.6666666666666666,0.0
67bb81df42352db9,2,4,4,4,1,1,0,0,0,0,0.3333333333333333,0.3333333333333333,0.0
69788246df023ddf,1,1,1,1,1,1,0,0,0,0,1.0,1.0,0.0
6a316f2b341bdc0b,2,5,4,4,1,1,0,0,0,0,0.3333333333333333,0.3333333333333333,0.0
6a6881aefff9ad58,2,11,11,11,1,1,0,0,0,0,0.15384615384615385,0.15384615384615385,0.0
6bff678ea2346ac5,2,2,2,2,1,1,0,0,0,0,0.5,0.5,0.0
6c1cd7fdc967c0d5,1,2,2,2,1,1,0,0,0,0,0.6666666666666666,0.6666666666666666,0.0
6c2aa294019ac91a,7,8,6,6,4,4,0,0,0,0,0.6153846153846153,0.6153846153846153,0.0
6c8dafac9ee9d86e,1,9,9,9,1,1,0,0,0,0,0.19999999999999998,0.19999999999999998,0.0
6d83767827cba4a3,2,1,1,1,0,0,0,0,0,0,0.0,0.0,0.0
6fc0ad531ee4c66e,1,1,1,1,1,1,0,0,0,0,1.0,1.0,0.0
71631731c0d63e45,2,1,1,1,1,1,0,0,0,0,0.6666666666666666,0.6666666666666666,0.0
72157cefa7c57ec8,1,3,2,2,1,1,0,0,0,0,0.6666666666666666,0.6666666666666666,0.0
7290c66c57edfdc5,3,0,0,0,0,0,0,0,0,0,0.0,0.0,0.0
7546e007f40fb1a9,1,1,1,1,1,1,0,0,0,0,1.0,1.0,0.0
75ed7924c47f984d,5,2,2,2,2,2,0,0,0,0,0.5714285714285715,0.5714285714285715,0.0
793b05bcb9445b1f,2,7,7,7,2,2,0,0,0,0,0.4444444444444445,0.4444444444444445,0.0
7a87225ae9d63bcd,6,5,5,5,0,0,0,0,0,0,0.0,0.0,0.0
7a9767c9f102b469,1,3,2,2,1,1,0,0,0,0,0.6666666666666666,0.6666666666666666,0.0
7aff58e036d03b98,8,12,12,12,6,6,0,0,0,0,0.6,0.6,0.0
7b072d084f4d3198,1,2,2,2,1,1,0,0,0,0,0.6666666666666666,0.6666666666666666,0.0
7c888d0d5fd5b56e,4,2,2,2,1,1,0,0,0,0,0.3333333333333333,0.3333333333333333,0.0
7d4c46b89378b7dc,6,4,4,4,2,2,0,0,0,0,0.4,0.4,0.0
7f8ef92c55a63b32,3,7,6,6,0,0,0,0,0,0,0.0,0.0,0.0
7ff76c84761e761e,1,1,1,1,0,0,0,0,0,0,0.0,0.0,0.0
82b48c199a4d5a8c,1,1,1,1,0,0,0,0,0,0,0.0,0.0,0.0
83c97587c5cb217a,1,1,1,1,1,1,0,0,0,0,1.0,1.0,0.0
8442ec11695b3d6f,1,2,2,2,1,1,0,0,0,0,0.6666666666666666,0.6666666666666666,0.0
845d6ac4a4fb713c,2,2,2,2,1,1,0,0,0,0,0.5,0.5,0.0
857cfd128a025297,2,2,2,2,1,1,0,0,0,0,0.5,0.5,0.0
85bcf3cd6540ec7d,2,2,1,1,1,1,0,0,0,0,0.6666666666666666,0.6666666666666666,0.0
8671b9d2f05bd71e,1,1,1,1,1,1,0,0,0,0,1.0,1.0,0.0
87ea34b7a6c3838c,1,11,10,10,0,0,0,0,0,0,0.0,0.0,0.0
884273f6f4720bc5,2,2,2,2,1,1,0,0,0,0,0.5,0.5,0.0
890a08ff48bf62d8,1,1,1,1,0,0,0,0,0,0,0.0,0.0,0.0
8987951815d36f77,8,7,7,7,4,4,0,0,0,0,0.5333333333333333,0.5333333333333333,0.0
8c3a7ca22c0ac8d9,2,2,1,1,1,1,0,0,0,0,0.6666666666666666,0.6666666666666666,0.0
8c676b9db5bde9f4,1,2,2,2,1,1,0,0,0,0,0.6666666666666666,0.6666666666666666,0.0
8d0b1e22cc02c96a,1,1,1,1,1,1,0,0,0,0,1.0,1.0,0.0
8e2b641bfa080a9a,1,3,3,3,1,1,0,0,0,0,0.5,0.5,0.0
9039a3d17b3cdd01,1,1,1,1,0,0,0,0,0,0,0.0,0.0,0.0
90933aea042430bd,6,3,3,3,3,3,0,0,0,0,0.6666666666666666,0.6666666666666666,0.0
91271214e694cc03,1,2,2,2,1,1,0,0,0,0,0.6666666666666666,0.6666666666666666,0.0
91e09bc4c8db7631,2,2,2,2,1,1,0,0,0,0,0.5,0.5,0.0
9265227e8b79f7b5,2,2,2,2,1,1,0,0,0,0,0.5,0.5,0.0
935ddd7147973bbe,1,1,1,1,1,1,0,0,0,0,1.0,1.0,0.0
940e335cf9bb61ce,1,3,3,3,0,0,0,0,0,0,0.0,0.0,0.0
976649e55a61ced7,4,2,2,2,2,2,0,0,0,0,0.6666666666666666,0.6666666666666666,0.0
9795c20f42516f05,4,2,2,2,2,2,0,0,0,0,0.6666666666666666,0.6666666666666666,0.0
97b57bf58e7b224d,1,3,3,3,0,0,0,0,0,0,0.0,0.0,0.0
988888b4794b2981,7,2,2,2,1,1,0,0,0,0,0.22222222222222224,0.22222222222222224,0.0
98dd164dfd089339,1,1,1,1,1,1,0,0,0,0,1.0,1.0,0.0
9998b5a9eff9472b,1,2,2,2,1,1,0,0,0,0,0.6666666666666666,0.6666666666666666,0.0
99b2f15e3e4a9d13,3,1,1,1,1,1,0,0,0,0,0.5,0.5,0.0
9aa42339174d4689,2,1,1,1,1,1,0,0,0,0,0.6666666666666666,0.6666666666666666,0.0
9abee97e903a6145,2,2,2,2,0,0,0,0,0,0,0.0,0.0,0.0
9c1ff16b1dd2125b,2,1,1,1,1,1,0,0,0,0,0.6666666666666666,0.6666666666666666,0.0
9d42af30c97b8e32,3,2,2,2,2,2,0,0,0,0,0.8,0.8,0.0
9db652b99ba0d220,1,2,2,2,1,1,0,0,0,0,0.6666666666666666,0.6666666666666666,0.0
9e34df630c2d2301,1,1,1,1,1,1,0,0,0,0,1.0,1.0,0.0
9e525d25b1f5fca7,1,2,2,2,1,1,0,0,0,0,0.6666666666666666,0.6666666666666666,0.0
9f791f1ac0364b02,7,4,4,4,4,4,0,0,0,0,0.7272727272727273,0.7272727272727273,0.0
a03a6011b066cd73,2,4,3,3,1,1,0,0,0,0,0.4,0.4,0.0
a144cb066f688185,2,2,2,2,2,2,0,0,0,0,1.0,1.0,0.0
a221ec1d89638d96,1,1,1,1,0,0,0,0,0,0,0.0,0.0,0.0
a358a9eb26b043d3,2,1,1,1,1,1,0,0,0,0,0.6666666666666666,0.6666666666666666,0.0
a3e014e7509aba65,2,2,2,2,1,1,0,0,0,0,0.5,0.5,0.0
a6a7dcf14dd9f0f1,1,1,1,1,1,1,0,0,0,0,1.0,1.0,0.0
a6b74e491c688fbd,2,4,2,2,1,1,0,0,0,0,0.5,0.5,0.0
a7f4ab4e7b501e74,5,5,3,3,3,3,0,0,0,0,0.7499999999999999,0.7499999999999999,0.0
a80e58d34f5a2233,1,1,1,1,0,0,0,0,0,0,0.0,0.0,0.0
a83d31d69e28914b,2,2,2,2,1,1,0,0,0,0,0.5,0.5,0.0
a8b14d4a442bf4a8,2,1,1,1,1,1,0,0,0,0,0.6666666666666666,0.6666666666666666,0.0
aa6c7c9bf1188b05,1,2,2,2,1,1,0,0,0,0,0.6666666666666666,0.6666666666666666,0.0
aacadd9f833b7c46,2,3,3,3,0,0,0,0,0,0,0.0,0.0,0.0
abf1d637ed2122e8,2,1,1,1,1,1,0,0,0,0,0.6666666666666666,0.6666666666666666,0.0
ad20808830930976,1,2,2,2,1,1,0,0,0,0,0.6666666666666666,0.6666666666666666,0.0
ad6aca201fa51896,2,6,6,6,1,1,0,0,0,0,0.25,0.25,0.0
ae3dd169da01729f,1,3,3,3,1,1,0,0,0,0,0.5,0.5,0.0
aecc6fdf5a5f66b9,5,8,8,8,3,3,0,0,0,0,0.4615384615384615,0.4615384615384615,0.0
b1b9df89276a198b,3,4,3,3,2,2,0,0,0,0,0.6666666666666666,0.6666666666666666,0.0
b379c09ba49595b4,1,2,2,2,1,1,0,0,0,0,0.6666666666666666,0.6666666666666666,0.0
b4068aa9b3b58fa8,1,3,3,3,1,1,0,0,0,0,0.5,0.5,0.0
b432735a2d626bc2,6,2,2,2,2,2,0,0,0,0,0.5,0.5,0.0
b4bf8713c7f34283,2,2,2,2,1,1,0,0,0,0,0.5,0.5,0.0
b6d6e570eccdb5ec,3,2,2,2,2,2,0,0,0,0,0.8,0.8,0.0
b6ebb2fdb29dc778,4,1,1,1,1,1,0,0,0,0,0.4,0.4,0.0
b7904a8837396983,10,5,5,5,3,3,0,0,0,0,0.4,0.4,0.0
b793c3cd82e1b00e,3,3,1,1,1,1,0,0,0,0,0.5,0.5,0.0
b7d604c0f497cecf,2,1,1,1,1,1,0,0,0,0,0.6666666666666666,0.6666666666666666,0.0
b809013feee5805a,4,4,4,4,2,2,0,0,0,0,0.5,0.5,0.0
b8d6dcbc1ee43a28,1,1,1,1,1,1,0,0,0,0,1.0,1.0,0.0
ba2ce56c4a558b46,6,6,6,6,3,3,0,0,0,0,0.5,0.5,0.0
bb5aca7adfb2d415,2,2,2,2,1,1,0,0,0,0,0.5,0.5,0.0
bb872dbf60de40a0,2,3,3,3,2,2,0,0,0,0,0.8,0.8,0.0
bd5c58974539e9ec,6,0,0,0,0,0,0,0,0,0,0.0,0.0,0.0
be836aa24cb54cb3,2,2,2,2,2,2,0,0,0,0,1.0,1.0,0.0
c09a331e62a12d04,40,34,34,34,27,27,0,0,0,0,0.7297297297297296,0.7297297297297296,0.0
c10217d15b7b93a5,2,4,4,4,2,2,0,0,0,0,0.6666666666666666,0.6666666666666666,0.0
c160e483b6c16f12,1,1,1,1,1,1,0,0,0,0,1.0,1.0,0.0
c479beacc67d4b7d,1,2,2,2,1,1,0,0,0,0,0.6666666666666666,0.6666666666666666,0.0
c4a79ad7987f24b9,7,3,3,3,3,3,0,0,0,0,0.6,0.6,0.0
c506cdf48321ee2e,1,2,2,2,1,1,0,0,0,0,0.6666666666666666,0.6666666666666666,0.0
c5398214bb3f6dda,2,2,1,1,1,1,0,0,0,0,0.6666666666666666,0.6666666666666666,0.0
c705061238b1fe30,1,20,20,20,0,0,0,0,0,0,0.0,0.0,0.0
c7a6a5f2a8f674ce,1,1,1,1,1,1,0,0,0,0,1.0,1.0,0.0
c7e7654a5c583b13,1,1,1,1,1,1,0,0,0,0,1.0,1.0,0.0
c864c741b7fa44f4,1,4,3,3,0,0,0,0,0,0,0.0,0.0,0.0
c8a4a4786eea0ec5,2,5,5,5,2,2,0,0,0,0,0.5714285714285715,0.5714285714285715,0.0
c9beadfaec7b5043,1,3,2,2,0,0,0,0,0,0,0.0,0.0,0.0
ca3ef34d7304dd6c,4,2,2,2,2,2,0,0,0,0,0.6666666666666666,0.6666666666666666,0.0
cca11bfdbfa9f92f,8,0,0,0,0,0,0,0,0,0,0.0,0.0,0.0
cdb2b707ef94db2c,11,0,0,0,0,0,0,0,0,0,0.0,0.0,0.0
cddd3bc1bdb5ccb8,2,2,2,2,2,2,0,0,0,0,1.0,1.0,0.0
ce7aa02b052cb75a,1,1,1,1,1,1,0,0,0,0,1.0,1.0,0.0
cf97377cb331bb4d,1,1,1,1,1,1,0,0,0,0,1.0,1.0,0.0
d0d5130bf995f3dd,1,1,1,1,1,1,0,0,0,0,1.0,1.0,0.0
d1a9733014ce4e89,1,7,7,7,1,1,0,0,0,0,0.25,0.25,0.0
d1ef645e3687eb31,9,4,3,3,2,2,0,0,0,0,0.3333333333333333,0.3333333333333333,0.0
d29f095f98aec84f,1,1,1,1,0,0,0,0,0,0,0.0,0.0,0.0
d2d5e5cc2b420898,2,2,2,2,1,1,0,0,0,0,0.5,0.5,0.0
d2fd5a5b75deb8e6,3,6,6,6,3,3,0,0,0,0,0.6666666666666666,0.6666666666666666,0.0
d32f37b94e40e78a,3,2,2,2,1,1,0,0,0,0,0.4,0.4,0.0
d44801d0b7da712e,2,1,1,1,0,0,0,0,0,0,0.0,0.0,0.0
d4a83afb84b0f902,4,0,0,0,0,0,0,0,0,0,0.0,0.0,0.0
d4c9a417b5e7ba37,2,2,2,2,1,1,0,0,0,0,0.5,0.5,0.0
d5a1e51d937f330f,2,2,1,1,1,1,0,0,0,0,0.6666666666666666,0.6666666666666666,0.0
d6bdc197b5645e29,2,2,2,2,2,2,0,0,0,0,1.0,1.0,0.0
d7f48eef89b429ff,3,3,1,1,1,1,0,0,0,0,0.5,0.5,0.0
d8241d4c97b7bdc7,2,1,1,1,1,1,0,0,0,0,0.6666666666666666,0.6666666666666666,0.0
d92f7bdf1bfbcb31,1,2,1,1,0,0,0,0,0,0,0.0,0.0,0.0
d9e9a8b9befb3f51,1,1,1,1,0,0,0,0,0,0,0.0,0.0,0.0
dabd65b40c5f53fc,5,10,10,10,4,4,0,0,0,0,0.5333333333333333,0.5333333333333333,0.0
db73cb1e1bbecd08,2,0,0,0,0,0,0,0,0,0,0.0,0.0,0.0
db9455699be59212,2,1,1,1,1,1,0,0,0,0,0.6666666666666666,0.6666666666666666,0.0
dd1160459778fdd6,1,1,1,1,0,0,0,0,0,0,0.0,0.0,0.0
dd424886ee4db1df,1,1,1,1,1,1,0,0,0,0,1.0,1.0,0.0
dd5cce09d5f254cc,3,1,1,1,1,1,0,0,0,0,0.5,0.5,0.0
dd7c6dbfee84e796,1,0,0,0,0,0,0,0,0,0,0.0,0.0,0.0
ddebe5a86b2713c4,2,1,1,1,1,1,0,0,0,0,0.6666666666666666,0.6666666666666666,0.0
de578e711d5d2712,8,2,2,2,2,2,0,0,0,0,0.4,0.4,0.0
df0179678dcd6762,2,6,6,6,1,1,0,0,0,0,0.25,0.25,0.0
df01a6bc5ed9029e,2,9,9,9,2,2,0,0,0,0,0.3636363636363636,0.3636363636363636,0.0
e0aa41e2ede3de7d,4,2,2,2,2,2,0,0,0,0,0.6666666666666666,0.6666666666666666,0.0
e12d3e0517297b73,1,3,3,3,0,0,0,0,0,0,0.0,0.0,0.0
e216dd92c7f1e961,1,15,15,15,1,1,0,0,0,0,0.125,0.125,0.0
e3f5e554f66f6595,9,1,1,1,1,1,0,0,0,0,0.19999999999999998,0.19999999999999998,0.0
e6697a9f8ec12c82,1,1,1,1,1,1,0,0,0,0,1.0,1.0,0.0
e91b89ea86367570,3,1,1,1,1,1,0,0,0,0,0.5,0.5,0.0
e955e464ee18492a,1,1,1,1,1,1,0,0,0,0,1.0,1.0,0.0
ea0cd65da3d17cb6,2,3,2,2,0,0,0,0,0,0,0.0,0.0,0.0
ea2a84f5d29be501,2,1,1,1,1,1,0,0,0,0,0.6666666666666666,0.6666666666666666,0.0
eadce84978423613,5,3,3,2,2,1,1,1,0,0,0.5,0.28571428571428575,-0.21428571428571425
ecbbb807ff44e14d,1,1,1,1,1,1,0,0,0,0,1.0,1.0,0.0
ed583cb7dc069691,1,1,1,1,1,1,0,0,0,0,1.0,1.0,0.0
f00d696f4d0663e1,2,1,1,1,1,1,0,0,0,0,0.6666666666666666,0.6666666666666666,0.0
f0ec9c4728c00172,5,4,4,4,3,3,0,0,0,0,0.6666666666666665,0.6666666666666665,0.0
f185f8f2d67d0067,5,2,2,2,2,2,0,0,0,0,0.5714285714285715,0.5714285714285715,0.0
f339b1c5438b5b7c,7,5,5,5,0,0,0,0,0,0,0.0,0.0,0.0
f3e7fed441e35ccd,1,1,1,1,1,1,0,0,0,0,1.0,1.0,0.0
f54cecf49c0397f5,1,1,1,1,1,1,0,0,0,0,1.0,1.0,0.0
f88b1b035c47011b,3,6,3,3,1,1,0,0,0,0,0.3333333333333333,0.3333333333333333,0.0
f98e23895593ab01,3,1,1,1,1,1,0,0,0,0,0.5,0.5,0.0
f9d76673400715e9,1,1,1,1,1,1,0,0,0,0,1.0,1.0,0.0
f9e161f84d07e4c0,1,3,2,2,1,1,0,0,0,0,0.6666666666666666,0.6666666666666666,0.0
f9e68389f2422650,6,3,3,3,2,2,0,0,0,0,0.4444444444444444,0.4444444444444444,0.0
fb29a634ec39a4c1,2,0,0,0,0,0,0,0,0,0,0.0,0.0,0.0
fc14f1cce131d551,3,3,3,3,3,3,0,0,0,0,1.0,1.0,0.0
fcae2d2574521a1a,4,2,2,2,2,2,0,0,0,0,0.6666666666666666,0.6666666666666666,0.0
fcfbd8e754fea64f,2,2,2,2,2,2,0,0,0,0,1.0,1.0,0.0
fd29da80d062d4df,1,1,1,1,1,1,0,0,0,0,1.0,1.0,0.0
fdef6eed1051dd32,1,1,1,1,1,1,0,0,0,0,1.0,1.0,0.0
fdefeec421b9a4df,1,2,2,2,1,1,0,0,0,0,0.6666666666666666,0.6666666666666666,0.0
fe600639ac5f36c1,2,3,3,3,1,1,0,0,0,0,0.4,0.4,0.0
fe67317504c74466,1,1,1,1,1,1,0,0,0,0,1.0,1.0,0.0
ff50b6fca1c1d54b,6,3,3,3,2,2,0,0,0,0,0.4444444444444444,0.4444444444444444,0.0
ffb2640fb0b5a865,6,1,1,1,1,1,0,0,0,0,0.2857142857142857,0.2857142857142857,0.0
ffddf3805faf3cbf,1,1,1,1,0,0,0,0,0,0,0.0,0.0,0.0
