dataset,size_quartile,n_instances_total,n_objective_loss_cases,n_zero_object_cases,objective_loss_mean_pct,objective_loss_median_pct,objective_loss_max_abs_pct,repair_time_mean_s,repair_time_median_s,repair_violations_total,repair_compliance_mean_pct
COCO,Q1-small,5,4,1,0.0,0.0,0.0,2.024160003202269e-05,1.6243000118265627e-05,0,100.0
COCO,Q2,5,5,0,0.0,0.0,0.0,3.313320003144327e-05,3.4894000009444426e-05,0,100.0
COCO,Q3,5,5,0,3.598021878143157e-15,0.0,1.7990109390715782e-14,5.797280000479077e-05,5.6097999959092704e-05,0,100.0
COCO,Q4-large,5,5,0,-2.1034260841201324e-16,0.0,1.6637845421853027e-14,0.00034913879999291586,0.0001637479999772,0,100.0
Open Images,Q1-small,5,4,1,0.0,0.0,0.0,2.1799400019517635e-05,2.020600004470907e-05,0,100.0
Open Images,Q2,5,5,0,-1.1125761920387031e-14,0.0,3.66026863850005e-14,2.8736400008710915e-05,2.7770000087912194e-05,0,100.0
Open Images,Q3,5,5,0,-3.6343226111112145e-15,0.0,1.8171613055556072e-14,5.779379994237388e-05,5.692399986401142e-05,0,100.0
Open Images,Q4-large,5,5,0,2.898506074690421e-15,0.0,4.484185808470753e-14,0.000428341599990703,0.0001489759999913,0,100.0
Visual Genome,Q1-small,5,4,1,0.0,0.0,0.0,1.566500004628324e-05,1.494900016041356e-05,0,100.0
Visual Genome,Q2,5,5,0,-3.437496657086847e-15,0.0,1.7187483285434235e-14,2.9603400116684496e-05,2.763099996627716e-05,0,100.0
Visual Genome,Q3,5,5,0,0.0,0.0,0.0,5.494279998856655e-05,5.728699989049346e-05,0,100.0
Visual Genome,Q4-large,5,5,0,-5.818963382807177e-15,0.0,1.4706283654498482e-14,0.0005260224000266753,0.0001512410001396,0,100.0
