dataset,size_quartile,n_instances,objective_loss_mean_pct,objective_loss_median_pct,objective_loss_std_pct,objective_loss_max_pct,reference_time_mean_s,repair_time_mean_s,repair_time_median_s,repair_violations_total,repair_compliance_mean_pct,vars_mean
COCO,Q1-small,5,0.0,0.0,0.0,0.0,0.006612192600005074,2.024160003202269e-05,1.6243000118265627e-05,0,100.0,3.6
COCO,Q2,5,0.0,0.0,0.0,0.0,0.007450112199967407,3.313320003144327e-05,3.4894000009444426e-05,0,100.0,13.8
COCO,Q3,5,3.598021878143157e-15,0.0,8.045421504059564e-15,1.7990109390715782e-14,0.009072187399942777,5.797280000479077e-05,5.6097999959092704e-05,0,100.0,49.4
COCO,Q4-large,5,-2.1034260841201324e-16,0.0,1.139653678510865e-14,1.558613237979296e-14,0.02831811619998916,0.00034913879999294296,0.00016374799997720402,0,100.0,491.6
Open Images,Q1-small,5,0.0,0.0,0.0,0.0,0.006619466000029206,2.1799400019517635e-05,2.020600004470907e-05,0,100.0,3.2
Open Images,Q2,5,-1.1125761920387031e-14,0.0,1.6453245300844228e-14,0.0,0.007238425999958054,2.8736400008710915e-05,2.7770000087912194e-05,0,100.0,11.6
Open Images,Q3,5,-3.634322611111214e-15,0.0,8.126592410609206e-15,0.0,0.008423595399926853,5.779379994237388e-05,5.692399986401142e-05,0,100.0,36.6
Open Images,Q4-large,5,2.8985060746904223e-15,0.0,2.6878742723987017e-14,4.484185808470753e-14,0.02644819159995677,0.00042834159999074475,0.00014897599999130762,0,100.0,469.2
Visual Genome,Q1-small,5,0.0,0.0,0.0,0.0,0.006309094400057802,1.566500004628324e-05,1.4949000160413561e-05,0,100.0,2.4
Visual Genome,Q2,5,-3.437496657086847e-15,0.0,7.686476197674474e-15,0.0,0.007266824399994221,2.9603400116684496e-05,2.763099996627716e-05,0,100.0,12.8
Visual Genome,Q3,5,0.0,0.0,0.0,0.0,0.009353190999945582,5.494279998856655e-05,5.728699989049346e-05,0,100.0,45.6
Visual Genome,Q4-large,5,-5.818963382807177e-15,0.0,7.968735690734283e-15,0.0,0.030536779400063097,0.0005260224000267044,0.0001512410001396347,0,100.0,510.4
