dataset,image_id,raw_gt_boxes,eligible_gt_boxes,raw_gt_relations,eligible_gt_relations,n_objects,n_relation_candidates,n_label_variables,n_relation_variables,n_binary_variables,n_constraints,n_domain_constraints,n_range_constraints,relation_budget,candidate_build_time_s,solver_time_s,repair_time_s,solver_pipeline_time_s,solve_wrapper_time_s,end_to_end_time_s,solver_status,fallback,fallback_trigger,objective_value,violations,applicable_checks_Q,constraint_compliance_pct,traceability_rate_pct,explanation_completeness_pct,avg_evidence_items_per_assertion,detector_tp,detector_fp,detector_fn,detector_precision,detector_recall,detector_f1,detector_miou,local_tp,local_fp,local_fn,local_precision,local_recall,local_f1,local_miou,ocosl_tp,ocosl_fp,ocosl_fn,ocosl_precision,ocosl_recall,ocosl_f1,ocosl_miou,rel_raw_tp,rel_raw_fp,rel_raw_fn,rel_raw_precision,rel_raw_recall,rel_raw_f1,rel_enrich_tp,rel_enrich_fp,rel_enrich_fn,rel_enrich_precision,rel_enrich_recall,rel_enrich_f1,size_quartile
COCO,11813,2,2,0,0,0,0,0,0,0,0,0,0,1,0.012176031000024,0.005065127000023,0.0,0.005065127000023,0.0051032329999998,0.0172796439999842,Optimal,0,none,,0,1,100.0,0.0,0.0,0.0,0,0,2,0.0,0.0,0.0,0.0,0,0,2,0.0,0.0,0.0,0.0,0,0,2,0.0,0.0,0.0,0.0,0,0,0,0.0,0.0,0.0,0,0,0,0.0,0.0,0.0,Q1-small
COCO,263796,1,1,0,0,1,0,2,0,2,1,0,0,2,0.0144478419999813,0.0059484159999669,0.0,0.0059484159999669,0.0060132309999971,0.0204614930000275,Optimal,0,none,0.395801035563151,0,2,100.0,100.0,100.0,2.0,1,0,0,1.0,1.0,1.0,0.9143280734768966,1,0,0,1.0,1.0,1.0,0.9143280734768966,1,0,0,1.0,1.0,1.0,0.9143280734768966,0,0,0,0.0,0.0,0.0,0,0,0,0.0,0.0,0.0,Q1-small
COCO,520301,1,1,0,0,1,0,2,0,2,1,0,0,2,0.0136068649999856,0.0064293659999634,0.0,0.0064293659999634,0.0065043959999684,0.0201117499999554,Optimal,0,none,0.6055704275767009,0,2,100.0,100.0,100.0,2.0,1,0,0,1.0,1.0,1.0,0.981547151603204,1,0,0,1.0,1.0,1.0,0.981547151603204,1,0,0,1.0,1.0,1.0,0.981547151603204,0,0,0,0.0,0.0,0.0,0,0,0,0.0,0.0,0.0,Q1-small
COCO,530099,2,2,0,0,2,2,4,2,6,5,0,0,4,0.0126409680000278,0.0062339279999719,0.0,0.0062339279999719,0.0063249719999589,0.018966354999975,Optimal,0,none,1.2064426692326866,0,5,100.0,100.0,100.0,2.0,2,0,0,1.0,1.0,1.0,0.9004214645812172,2,0,0,1.0,1.0,1.0,0.9004214645812172,2,0,0,1.0,1.0,1.0,0.9004214645812172,0,0,0,0.0,0.0,0.0,0,0,0,0.0,0.0,0.0,Q1-small
COCO,21503,8,8,0,0,2,4,4,4,8,5,0,0,4,0.0132907459999955,0.0062959519999594,0.0,0.0062959519999594,0.0063898959999733,0.019681079999998,Optimal,0,none,1.2043727548917138,0,5,100.0,100.0,100.0,2.0,0,2,8,0.0,0.0,0.0,0.9739677540679708,0,2,8,0.0,0.0,0.0,0.9739677540679708,0,2,8,0.0,0.0,0.0,0.9739677540679708,0,0,0,0.0,0.0,0.0,0,0,0,0.0,0.0,0.0,Q1-small
COCO,221291,2,2,0,0,2,4,4,4,8,5,0,0,4,0.0118312609999975,0.0060474160000012,0.0,0.0060474160000012,0.0061329170000021,0.0179647659999773,Optimal,0,none,1.5471529277165734,0,5,100.0,100.0,100.0,2.0,2,0,0,1.0,1.0,1.0,0.9415164979239002,2,0,0,1.0,1.0,1.0,0.9415164979239002,2,0,0,1.0,1.0,1.0,0.9415164979239002,0,0,0,0.0,0.0,0.0,0,0,0,0.0,0.0,0.0,Q2
COCO,95786,4,4,0,0,2,4,4,4,8,5,0,0,4,0.0137503130000027,0.0066574029999628,0.0,0.0066574029999628,0.0067581379999523,0.0205091079999988,Optimal,0,none,1.5401619466145835,0,5,100.0,100.0,100.0,2.0,1,1,3,0.5,0.25,0.3333333333333333,0.8905550079214837,1,1,3,0.5,0.25,0.3333333333333333,0.8905550079214837,1,1,3,0.5,0.25,0.3333333333333333,0.8905550079214837,0,0,0,0.0,0.0,0.0,0,0,0,0.0,0.0,0.0,Q2
COCO,504711,2,2,0,0,3,9,6,9,15,10,0,0,6,0.0131727990000172,0.0059014770000089,0.0,0.0059014770000089,0.0060110029999691,0.0191842749999864,Optimal,0,none,2.5920395326614387,0,10,100.0,100.0,100.0,2.0,2,1,0,0.6666666666666666,1.0,0.8,0.9277282572955016,2,1,0,0.6666666666666666,1.0,0.8,0.9277282572955016,2,1,0,0.6666666666666666,1.0,0.8,0.9277282572955016,0,0,0,0.0,0.0,0.0,0,0,0,0.0,0.0,0.0,Q2
COCO,113235,4,4,0,0,3,12,6,12,18,10,0,0,6,0.0145553290000179,0.0066979979999928,0.0,0.0066979979999928,0.006846596999992,0.0214023319999796,Optimal,0,none,2.6186755275726328,0,10,100.0,100.0,100.0,2.0,1,2,3,0.3333333333333333,0.25,0.2857142857142857,0.7350805785624357,1,2,3,0.3333333333333333,0.25,0.2857142857142857,0.7350805785624357,1,2,3,0.3333333333333333,0.25,0.2857142857142857,0.7350805785624357,0,0,0,0.0,0.0,0.0,0,0,0,0.0,0.0,0.0,Q2
COCO,177935,13,13,0,0,3,14,6,14,20,10,0,0,6,0.0156073890000243,0.0070964739999794,0.0,0.0070964739999794,0.0072386520000122,0.0228465470000287,Optimal,0,none,2.355235514640809,0,10,100.0,100.0,100.0,2.0,2,1,11,0.6666666666666666,0.1538461538461538,0.25,0.7666417897667601,2,1,11,0.6666666666666666,0.1538461538461538,0.25,0.7666417897667601,2,1,11,0.6666666666666666,0.1538461538461538,0.25,0.7666417897667601,0,0,0,0.0,0.0,0.0,0,0,0,0.0,0.0,0.0,Q2
COCO,560279,2,2,0,0,3,14,6,14,20,10,0,0,6,0.0167954880000138,0.0069347680000078,0.0,0.0069347680000078,0.0070716309999738,0.0238676669999904,Optimal,0,none,2.468518674373627,0,10,100.0,100.0,100.0,2.0,1,2,1,0.3333333333333333,0.5,0.4,0.850186984151144,1,2,1,0.3333333333333333,0.5,0.4,0.850186984151144,1,2,1,0.3333333333333333,0.5,0.4,0.850186984151144,0,0,0,0.0,0.0,0.0,0,0,0,0.0,0.0,0.0,Q3
COCO,319721,4,4,0,0,4,24,8,24,32,17,0,0,8,0.0158049839999989,0.0074651940000194,0.0,0.0074651940000194,0.0076174920000084,0.0234230629999956,Optimal,0,none,3.464929092612628,0,13,100.0,100.0,100.0,2.0,3,1,1,0.75,0.75,0.75,0.8791372285688736,3,1,1,0.75,0.75,0.75,0.8791372285688736,3,1,1,0.75,0.75,0.75,0.8791372285688736,0,0,0,0.0,0.0,0.0,0,0,0,0.0,0.0,0.0,Q3
COCO,15079,3,3,0,0,5,36,10,36,46,26,0,0,10,0.0132335239999861,0.0083042249999607,0.0,0.0083042249999607,0.0084892860000422,0.021723339999994,Optimal,0,none,3.9852503784497593,0,16,100.0,100.0,100.0,2.0,2,3,1,0.4,0.6666666666666666,0.5,0.8469678215182074,2,3,1,0.4,0.6666666666666666,0.5,0.8469678215182074,2,3,1,0.4,0.6666666666666666,0.5,0.8469678215182074,0,0,0,0.0,0.0,0.0,0,0,0,0.0,0.0,0.0,Q3
COCO,541055,11,11,0,0,6,49,12,49,61,37,0,0,12,0.0130981969999766,0.0086407440000471,0.0,0.0086407440000471,0.0088366109999924,0.0219352120000166,Optimal,0,none,5.313911931514741,0,19,100.0,100.0,100.0,2.0,5,1,6,0.8333333333333334,0.4545454545454545,0.5882352941176471,0.8017291553517246,5,1,6,0.8333333333333334,0.4545454545454545,0.5882352941176471,0.8017291553517246,5,1,6,0.8333333333333334,0.4545454545454545,0.5882352941176471,0.8017291553517246,0,0,0,0.0,0.0,0.0,0,0,0,0.0,0.0,0.0,Q3
COCO,507223,9,9,0,0,7,74,14,74,88,50,0,0,14,0.014799484999969,0.009684213000014,0.0,0.009684213000014,0.009925389999978,0.0247253260000093,Optimal,0,none,5.863958329359693,0,22,100.0,100.0,100.0,2.0,6,1,3,0.8571428571428571,0.6666666666666666,0.75,0.8383738314803787,6,1,3,0.8571428571428571,0.6666666666666666,0.75,0.8383738314803787,6,1,3,0.8571428571428571,0.6666666666666666,0.75,0.8383738314803787,0,0,0,0.0,0.0,0.0,0,0,0,0.0,0.0,0.0,Q3
COCO,125062,10,10,0,0,7,76,14,76,90,50,0,0,14,0.0132225809999795,0.0094794750000346,0.0,0.0094794750000346,0.0097055820000377,0.0229285730000015,Optimal,0,none,5.698517105190424,0,22,100.0,100.0,100.0,2.0,6,1,4,0.8571428571428571,0.6,0.7058823529411764,0.749772731848556,6,1,4,0.8571428571428571,0.6,0.7058823529411764,0.749772731848556,6,1,4,0.8571428571428571,0.6,0.7058823529411764,0.749772731848556,0,0,0,0.0,0.0,0.0,0,0,0,0.0,0.0,0.0,Q4-large
COCO,295231,7,7,0,0,8,106,16,106,122,65,0,0,16,0.0150996390000273,0.0119072659999801,0.0,0.0119072659999801,0.0121955120000052,0.0272956950000207,Optimal,0,none,6.429612266146581,0,25,100.0,100.0,100.0,2.0,7,1,0,0.875,1.0,0.9333333333333332,0.8057929456487629,7,1,0,0.875,1.0,0.9333333333333332,0.8057929456487629,7,1,0,0.875,1.0,0.9333333333333332,0.8057929456487629,0,0,0,0.0,0.0,0.0,0,0,0,0.0,0.0,0.0,Q4-large
COCO,226903,22,22,0,0,10,170,20,170,190,101,0,0,20,0.0144539450000138,0.0130657720000044,0.0,0.0130657720000044,0.0134191689999738,0.0278735379999943,Optimal,0,none,7.474788217100894,0,31,100.0,100.0,100.0,2.0,3,7,19,0.3,0.1363636363636363,0.1874999999999999,0.7092654892231033,3,7,19,0.3,0.1363636363636363,0.1874999999999999,0.7092654892231033,3,7,19,0.3,0.1363636363636363,0.1874999999999999,0.7092654892231033,0,0,0,0.0,0.0,0.0,0,0,0,0.0,0.0,0.0,Q4-large
COCO,518770,22,22,0,0,13,285,26,285,311,170,0,0,26,0.0146940820000054,0.0170671220000144,0.0,0.0170671220000144,0.0175598719999925,0.0322545399999967,Optimal,0,none,10.676603817145033,0,40,100.0,100.0,100.0,2.0,10,3,12,0.7692307692307693,0.4545454545454545,0.5714285714285714,0.831760543079157,10,3,12,0.7692307692307693,0.4545454545454545,0.5714285714285714,0.831760543079157,10,3,12,0.7692307692307693,0.4545454545454545,0.5714285714285714,0.831760543079157,0,0,0,0.0,0.0,0.0,0,0,0,0.0,0.0,0.0,Q4-large
COCO,238866,12,12,0,0,30,1685,60,1685,1745,901,0,0,60,0.0205957559999774,0.0790724149999846,0.0,0.0790724149999846,0.0810022680000202,0.1015988799999831,Optimal,0,none,26.30843311763449,0,91,100.0,100.0,100.0,2.0,12,18,0,0.4,1.0,0.5714285714285715,0.9107780305779366,12,18,0,0.4,1.0,0.5714285714285715,0.9107780305779366,12,18,0,0.4,1.0,0.5714285714285715,0.9107780305779366,0,0,0,0.0,0.0,0.0,0,0,0,0.0,0.0,0.0,Q4-large
Open Images,020c7b8e6d605069,12,0,1,0,0,0,0,0,0,0,0,0,1,0.0140828589999273,0.0042477010000538,0.0,0.0042477010000538,0.0042759079999541,0.0183591329999899,Optimal,0,none,,0,1,100.0,0.0,0.0,0.0,0,0,0,0.0,0.0,0.0,0.0,0,0,0,0.0,0.0,0.0,0.0,0,0,0,0.0,0.0,0.0,0.0,0,0,0,0.0,0.0,0.0,0,0,0,0.0,0.0,0.0,Q1-small
Open Images,408209a5977369e8,14,0,6,0,1,0,2,0,2,1,0,0,2,0.0142886989999624,0.0056907309999587,0.0,0.0056907309999587,0.005750584999987,0.020039661999931,Optimal,0,none,0.6049686829249064,0,2,100.0,100.0,100.0,2.0,0,1,0,0.0,0.0,0.0,0.0,0,1,0,0.0,0.0,0.0,0.0,0,1,0,0.0,0.0,0.0,0.0,0,0,0,0.0,0.0,0.0,0,0,0,0.0,0.0,0.0,Q1-small
Open Images,99b2f15e3e4a9d13,11,0,3,0,1,0,2,0,2,1,0,0,2,0.0164036559999658,0.0055687760000182,0.0,0.0055687760000182,0.0056332089999386,0.0220373009999548,Optimal,0,none,0.4483798662821452,0,2,100.0,100.0,100.0,2.0,0,1,0,0.0,0.0,0.0,0.0,0,1,0,0.0,0.0,0.0,0.0,0,1,0,0.0,0.0,0.0,0.0,0,0,0,0.0,0.0,0.0,0,0,0,0.0,0.0,0.0,Q1-small
Open Images,10cae64b8b77b511,13,0,2,0,2,2,4,2,6,5,0,0,4,0.0188946129999294,0.0057393890000412,0.0,0.0057393890000412,0.0058251030000064,0.0247201269999095,Optimal,0,none,1.3695692308743794,0,5,100.0,100.0,100.0,2.0,0,2,0,0.0,0.0,0.0,0.0,0,2,0,0.0,0.0,0.0,0.0,0,2,0,0.0,0.0,0.0,0.0,0,0,0,0.0,0.0,0.0,0,0,0,0.0,0.0,0.0,Q1-small
Open Images,ecbbb807ff44e14d,23,1,1,0,2,2,4,2,6,5,0,0,4,0.0133848870000292,0.005843757999969,0.0,0.005843757999969,0.0059417569999595,0.0193270930000153,Optimal,0,none,1.335732234319051,0,5,100.0,100.0,100.0,2.0,0,2,1,0.0,0.0,0.0,0.0,0,2,1,0.0,0.0,0.0,0.0,0,2,1,0.0,0.0,0.0,0.0,0,0,0,0.0,0.0,0.0,0,0,0,0.0,0.0,0.0,Q1-small
Open Images,13ffeb4fec0d2c49,14,1,3,0,2,3,4,3,7,5,0,0,4,0.0173888169999827,0.006292669000004,0.0,0.006292669000004,0.0064119009999785,0.0238011579999692,Optimal,0,none,1.539178613026937,0,5,100.0,100.0,100.0,2.0,1,1,0,0.5,1.0,0.6666666666666666,0.6660247313233517,1,1,0,0.5,1.0,0.6666666666666666,0.6660247313233517,1,1,0,0.5,1.0,0.6666666666666666,0.6660247313233517,0,0,0,0.0,0.0,0.0,0,0,0,0.0,0.0,0.0,Q2
Open Images,7b072d084f4d3198,13,0,1,0,2,4,4,4,8,5,0,0,4,0.0192458779999924,0.0067714640000531,0.0,0.0067714640000531,0.0068750440000258,0.0261213890000817,Optimal,0,none,1.3799689420064287,0,5,100.0,100.0,100.0,2.0,0,2,0,0.0,0.0,0.0,0.0,0,2,0,0.0,0.0,0.0,0.0,0,2,0,0.0,0.0,0.0,0.0,0,0,0,0.0,0.0,0.0,0,0,0,0.0,0.0,0.0,Q2
Open Images,ffddf3805faf3cbf,12,1,1,0,2,5,4,5,9,5,0,0,4,0.0239747519999582,0.006153587999961,0.0,0.006153587999961,0.0062483520000569,0.03022354299992,Optimal,0,none,1.4386638641756797,0,5,100.0,100.0,100.0,2.0,0,2,1,0.0,0.0,0.0,0.0,0,2,1,0.0,0.0,0.0,0.0,0,2,1,0.0,0.0,0.0,0.0,0,0,0,0.0,0.0,0.0,0,0,0,0.0,0.0,0.0,Q2
Open Images,6bff678ea2346ac5,23,0,2,0,3,10,6,10,16,10,0,0,6,0.0217010540000046,0.006374461000064,0.0,0.006374461000064,0.0064962950000335,0.0281978259999959,Optimal,0,none,2.4265388894081115,0,10,100.0,100.0,100.0,2.0,0,3,0,0.0,0.0,0.0,0.0,0,3,0,0.0,0.0,0.0,0.0,0,3,0,0.0,0.0,0.0,0.0,0,0,0,0.0,0.0,0.0,0,0,0,0.0,0.0,0.0,Q2
Open Images,988888b4794b2981,10,1,7,0,3,12,6,12,18,10,0,0,6,0.0166977009999982,0.00636284899997,0.0,0.00636284899997,0.0064807100000052,0.0231788539999797,Optimal,0,none,2.3341024589538577,0,10,100.0,100.0,100.0,2.0,0,3,1,0.0,0.0,0.0,0.0,0,3,1,0.0,0.0,0.0,0.0,0,3,1,0.0,0.0,0.0,0.0,0,0,0,0.0,0.0,0.0,0,0,0,0.0,0.0,0.0,Q2
Open Images,a8b14d4a442bf4a8,5,0,2,0,3,12,6,12,18,10,0,0,6,0.0165224669999588,0.006110718000059,0.0,0.006110718000059,0.0062457650000169,0.0227687289999494,Optimal,0,none,2.4438623499870307,0,10,100.0,100.0,100.0,2.0,0,3,0,0.0,0.0,0.0,0.0,0,3,0,0.0,0.0,0.0,0.0,0,3,0,0.0,0.0,0.0,0.0,0,0,0,0.0,0.0,0.0,0,0,0,0.0,0.0,0.0,Q3
Open Images,c10217d15b7b93a5,28,0,2,0,4,18,8,18,26,17,0,0,8,0.0201956789999258,0.0071821310000359,0.0,0.0071821310000359,0.0073232219999681,0.0275193139999601,Optimal,0,none,3.6324670855204273,0,13,100.0,100.0,100.0,2.0,0,4,0,0.0,0.0,0.0,0.0,0,4,0,0.0,0.0,0.0,0.0,0,4,0,0.0,0.0,0.0,0.0,0,0,0,0.0,0.0,0.0,0,0,0,0.0,0.0,0.0,Q3
Open Images,0d16c88ec322340f,19,0,1,0,4,24,8,24,32,17,0,0,8,0.0207801620000509,0.0063949400000637,0.0,0.0063949400000637,0.0065896579999389,0.0273703450000084,Optimal,0,none,3.359286042849224,0,13,100.0,100.0,100.0,2.0,0,4,0,0.0,0.0,0.0,0.0,0,4,0,0.0,0.0,0.0,0.0,0,4,0,0.0,0.0,0.0,0.0,0,0,0,0.0,0.0,0.0,0,0,0,0.0,0.0,0.0,Q3
Open Images,c4a79ad7987f24b9,22,4,7,0,5,34,10,34,44,26,0,0,10,0.0202173469999706,0.0073423719999254,0.0,0.0073423719999254,0.0075259270000742,0.0277438639999445,Optimal,0,none,4.087061115105948,0,16,100.0,100.0,100.0,2.0,0,5,4,0.0,0.0,0.0,0.0,0,5,4,0.0,0.0,0.0,0.0,0,5,4,0.0,0.0,0.0,0.0,0,0,0,0.0,0.0,0.0,0,0,0,0.0,0.0,0.0,Q3
Open Images,7d4c46b89378b7dc,30,3,6,0,6,51,12,51,63,37,0,0,12,0.0194344580000915,0.0087499560000878,0.0,0.0087499560000878,0.0089950940000562,0.0284300929999972,Optimal,0,none,5.433702051639559,0,19,100.0,100.0,100.0,2.0,3,3,0,0.5,1.0,0.6666666666666666,0.9207150866796812,3,3,0,0.5,1.0,0.6666666666666666,0.9207150866796812,3,3,0,0.5,1.0,0.6666666666666666,0.9207150866796812,0,0,0,0.0,0.0,0.0,0,0,0,0.0,0.0,0.0,Q3
Open Images,c864c741b7fa44f4,8,2,1,0,6,53,12,53,65,37,0,0,12,0.0172820290000572,0.0078566409999893,0.0,0.0078566409999893,0.0080471920000491,0.0253296810000165,Optimal,0,none,5.222564690113069,0,19,100.0,100.0,100.0,2.0,2,4,0,0.3333333333333333,1.0,0.5,0.939807743331588,2,4,0,0.3333333333333333,1.0,0.5,0.939807743331588,2,4,0,0.3333333333333333,1.0,0.5,0.939807743331588,0,0,0,0.0,0.0,0.0,0,0,0,0.0,0.0,0.0,Q4-large
Open Images,6022a450df278025,24,4,5,0,7,84,14,84,98,50,0,0,14,0.0168802990000358,0.0094189339999957,0.0,0.0094189339999957,0.0096403979999877,0.0265211939999971,Optimal,0,none,6.004609479793197,0,22,100.0,100.0,100.0,2.0,1,6,3,0.1428571428571428,0.25,0.1818181818181818,0.8704567639419242,1,6,3,0.1428571428571428,0.25,0.1818181818181818,0.8704567639419242,1,6,3,0.1428571428571428,0.25,0.1818181818181818,0.8704567639419242,0,0,0,0.0,0.0,0.0,0,0,0,0.0,0.0,0.0,Q4-large
Open Images,c7a6a5f2a8f674ce,24,0,1,0,10,155,20,155,175,101,0,0,20,0.0163137649999498,0.0127077060000146,0.0,0.0127077060000146,0.013016642000025,0.0293308980000119,Optimal,0,none,8.8439592757571,0,31,100.0,100.0,100.0,2.0,0,10,0,0.0,0.0,0.0,0.0,0,10,0,0.0,0.0,0.0,0.0,0,10,0,0.0,0.0,0.0,0.0,0,0,0,0.0,0.0,0.0,0,0,0,0.0,0.0,0.0,Q4-large
Open Images,df0179678dcd6762,23,3,2,0,14,365,28,365,393,197,0,0,28,0.0216656530000136,0.0196823439999889,0.0,0.0196823439999889,0.0201961390000633,0.041862339999966,Optimal,0,none,11.70607043622562,0,43,100.0,100.0,100.0,2.0,2,12,1,0.1428571428571428,0.6666666666666666,0.2352941176470588,0.8114570350191226,2,12,1,0.1428571428571428,0.6666666666666666,0.2352941176470588,0.8114570350191226,2,12,1,0.1428571428571428,0.6666666666666666,0.2352941176470588,0.8114570350191226,0,0,0,0.0,0.0,0.0,0,0,0,0.0,0.0,0.0,Q4-large
Open Images,6c8dafac9ee9d86e,35,2,1,0,29,1557,58,1557,1615,842,0,0,58,0.0211434029999963,0.0641144469999517,0.0,0.0641144469999517,0.0657755400000041,0.0869195430000218,Optimal,0,none,23.76828590882201,0,88,100.0,100.0,100.0,2.0,2,27,0,0.0689655172413793,1.0,0.1290322580645161,0.854136576486664,2,27,0,0.0689655172413793,1.0,0.1290322580645161,0.854136576486664,2,27,0,0.0689655172413793,1.0,0.1290322580645161,0.854136576486664,0,0,0,0.0,0.0,0.0,0,0,0,0.0,0.0,0.0,Q4-large
Visual Genome,2335564,40,0,29,0,0,0,0,0,0,0,0,0,1,0.0136801790000049,0.0049283760000093,0.0,0.0049283760000093,0.0049670160000232,0.0186475570000084,Optimal,0,none,,0,1,100.0,0.0,0.0,0.0,0,0,0,0.0,0.0,0.0,0.0,0,0,0,0.0,0.0,0.0,0.0,0,0,0,0.0,0.0,0.0,0.0,0,0,0,0.0,0.0,0.0,0,0,0,0.0,0.0,0.0,Q1-small
Visual Genome,2335066,33,0,31,0,1,0,2,0,2,1,0,0,2,0.0169274369999925,0.006264337999994,0.0,0.006264337999994,0.0063358740000012,0.0232637490000229,Optimal,0,none,0.6264131943384806,0,2,100.0,100.0,100.0,2.0,0,1,0,0.0,0.0,0.0,0.0,0,1,0,0.0,0.0,0.0,0.0,0,1,0,0.0,0.0,0.0,0.0,0,0,0,0.0,0.0,0.0,0,0,0,0.0,0.0,0.0,Q1-small
Visual Genome,2375655,25,1,17,0,1,0,2,0,2,1,0,0,2,0.0125323890000004,0.0060821909999617,0.0,0.0060821909999617,0.0061461170000143,0.0186788969999724,Optimal,0,none,0.6020429293314615,0,2,100.0,100.0,100.0,2.0,1,0,0,1.0,1.0,1.0,0.8105545949681806,1,0,0,1.0,1.0,1.0,0.8105545949681806,1,0,0,1.0,1.0,1.0,0.8105545949681806,0,0,0,0.0,0.0,0.0,0,0,0,0.0,0.0,0.0,Q1-small
Visual Genome,2413992,26,0,6,0,1,0,2,0,2,1,0,0,2,0.0139520689999699,0.0061325979999082,0.0,0.0061325979999082,0.0062026589999959,0.0201551640000161,Optimal,0,none,0.543680230776469,0,2,100.0,100.0,100.0,2.0,0,1,0,0.0,0.0,0.0,0.0,0,1,0,0.0,0.0,0.0,0.0,0,1,0,0.0,0.0,0.0,0.0,0,0,0,0.0,0.0,0.0,0,0,0,0.0,0.0,0.0,Q1-small
Visual Genome,2398459,23,0,37,0,2,2,4,2,6,5,0,0,4,0.0136960450000742,0.0067956159999766,0.0,0.0067956159999766,0.0068954519999806,0.0205921120000311,Optimal,0,none,1.493108738263448,0,5,100.0,100.0,100.0,2.0,0,2,0,0.0,0.0,0.0,0.0,0,2,0,0.0,0.0,0.0,0.0,0,2,0,0.0,0.0,0.0,0.0,0,0,0,0.0,0.0,0.0,0,0,0,0.0,0.0,0.0,Q1-small
Visual Genome,2404039,4,0,5,0,2,2,4,2,6,5,0,0,4,0.0138472029999547,0.0069544870000299,0.0,0.0069544870000299,0.0070638259999213,0.0209115389999396,Optimal,0,none,1.461364544232686,0,5,100.0,100.0,100.0,2.0,0,2,0,0.0,0.0,0.0,0.0,0,2,0,0.0,0.0,0.0,0.0,0,2,0,0.0,0.0,0.0,0.0,0,0,0,0.0,0.0,0.0,0,0,0,0.0,0.0,0.0,Q2
Visual Genome,2394145,40,1,44,0,2,4,4,4,8,5,0,0,4,0.0133184030000848,0.0065793369999482,0.0,0.0065793369999482,0.0066752650000125,0.019994165000071,Optimal,0,none,1.4575288565953577,0,5,100.0,100.0,100.0,2.0,0,2,1,0.0,0.0,0.0,0.0,0,2,1,0.0,0.0,0.0,0.0,0,2,1,0.0,0.0,0.0,0.0,0,0,0,0.0,0.0,0.0,0,0,0,0.0,0.0,0.0,Q2
Visual Genome,2365681,41,1,21,0,2,6,4,6,10,5,0,0,4,0.0145217090000073,0.0067253799999775,0.0,0.0067253799999775,0.0068240840000157,0.0213462479999861,Optimal,0,none,1.357275870641073,0,5,100.0,100.0,100.0,2.0,1,1,0,0.5,1.0,0.6666666666666666,0.8027307780303025,1,1,0,0.5,1.0,0.6666666666666666,0.8027307780303025,1,1,0,0.5,1.0,0.6666666666666666,0.8027307780303025,0,0,0,0.0,0.0,0.0,0,0,0,0.0,0.0,0.0,Q2
Visual Genome,2401798,34,2,4,0,3,10,6,10,16,10,0,0,6,0.0126794599999584,0.0067576559999906,0.0,0.0067576559999906,0.0068795260000342,0.0195594279999795,Optimal,0,none,2.583794279098511,0,10,100.0,100.0,100.0,2.0,2,1,0,0.6666666666666666,1.0,0.8,0.8678119118329747,2,1,0,0.6666666666666666,1.0,0.8,0.8678119118329747,2,1,0,0.6666666666666666,1.0,0.8,0.8678119118329747,0,0,0,0.0,0.0,0.0,0,0,0,0.0,0.0,0.0,Q2
Visual Genome,2346611,14,1,5,0,4,16,8,16,24,17,0,0,8,0.0132691489999956,0.0077752500000087,0.0,0.0077752500000087,0.0079358430000411,0.0212054340000236,Optimal,0,none,3.25665333340208,0,13,100.0,100.0,100.0,2.0,0,4,1,0.0,0.0,0.0,0.0,0,4,1,0.0,0.0,0.0,0.0,0,4,1,0.0,0.0,0.0,0.0,0,0,0,0.0,0.0,0.0,0,0,0,0.0,0.0,0.0,Q2
Visual Genome,2361514,32,0,45,0,4,16,8,16,24,17,0,0,8,0.0140664379999861,0.0077567289999933,0.0,0.0077567289999933,0.0078979060000392,0.0219647889999805,Optimal,0,none,3.24284409985279,0,13,100.0,100.0,100.0,2.0,0,4,0,0.0,0.0,0.0,0.0,0,4,0,0.0,0.0,0.0,0.0,0,4,0,0.0,0.0,0.0,0.0,0,0,0,0.0,0.0,0.0,0,0,0,0.0,0.0,0.0,Q3
Visual Genome,2413274,34,1,28,0,4,22,8,22,30,17,0,0,8,0.0130843959999538,0.0073984399999744,0.0,0.0073984399999744,0.0075565469999219,0.0206413810000185,Optimal,0,none,3.321154281298321,0,13,100.0,100.0,100.0,2.0,1,3,0,0.25,1.0,0.4,0.8967022095641637,1,3,0,0.25,1.0,0.4,0.8967022095641637,1,3,0,0.25,1.0,0.4,0.8967022095641637,0,0,0,0.0,0.0,0.0,0,0,0,0.0,0.0,0.0,Q3
Visual Genome,2328345,9,0,23,0,5,32,10,32,42,26,0,0,10,0.0139566860000286,0.0082372240000268,0.0,0.0082372240000268,0.0084267839999938,0.0223838340000384,Optimal,0,none,3.966554582913718,0,16,100.0,100.0,100.0,2.0,0,5,0,0.0,0.0,0.0,0.0,0,5,0,0.0,0.0,0.0,0.0,0,5,0,0.0,0.0,0.0,0.0,0,0,0,0.0,0.0,0.0,0,0,0,0.0,0.0,0.0,Q3
Visual Genome,2318583,31,1,19,0,5,42,10,42,52,26,0,0,10,0.0126786949999768,0.008249950999982,0.0,0.008249950999982,0.0084264390000043,0.0211055529999839,Optimal,0,none,3.894055663233259,0,16,100.0,100.0,100.0,2.0,0,5,1,0.0,0.0,0.0,0.0,0,5,1,0.0,0.0,0.0,0.0,0,5,1,0.0,0.0,0.0,0.0,0,0,0,0.0,0.0,0.0,0,0,0,0.0,0.0,0.0,Q3
Visual Genome,2413953,7,4,8,0,7,66,14,66,80,50,0,0,14,0.0148423800000045,0.0097582700000202,0.0,0.0097582700000202,0.0100053569999545,0.0248482199999671,Optimal,0,none,5.266627854506177,0,22,100.0,100.0,100.0,2.0,4,3,0,0.5714285714285714,1.0,0.7272727272727273,0.8085047412779596,4,3,0,0.5714285714285714,1.0,0.7272727272727273,0.8085047412779596,4,3,0,0.5714285714285714,1.0,0.7272727272727273,0.8085047412779596,0,0,0,0.0,0.0,0.0,0,0,0,0.0,0.0,0.0,Q3
Visual Genome,2373324,28,3,12,0,7,73,14,73,87,50,0,0,14,0.0142736820000095,0.0093311980000407,0.0,0.0093311980000407,0.0095595450000018,0.0238335970000207,Optimal,0,none,5.979893200355749,0,22,100.0,100.0,100.0,2.0,3,4,0,0.4285714285714285,1.0,0.6,0.9028823782124,3,4,0,0.4285714285714285,1.0,0.6,0.9028823782124,3,4,0,0.4285714285714285,1.0,0.6,0.9028823782124,0,0,0,0.0,0.0,0.0,0,0,0,0.0,0.0,0.0,Q4-large
Visual Genome,2377681,24,1,21,0,8,109,16,109,125,65,0,0,16,0.0148837209999896,0.010743385000012,0.0,0.010743385000012,0.0110056010000221,0.0258897759999854,Optimal,0,none,6.891861604060166,0,25,100.0,100.0,100.0,2.0,0,8,1,0.0,0.0,0.0,0.0,0,8,1,0.0,0.0,0.0,0.0,0,8,1,0.0,0.0,0.0,0.0,0,0,0,0.0,0.0,0.0,0,0,0,0.0,0.0,0.0,Q4-large
Visual Genome,2387453,11,1,4,0,10,170,20,170,190,101,0,0,20,0.0146554060000312,0.0137530399999832,0.0,0.0137530399999832,0.0141075880000016,0.028763505000029,Optimal,0,none,8.792570515245602,0,31,100.0,100.0,100.0,2.0,1,9,0,0.1,1.0,0.1818181818181818,0.9271578025397303,1,9,0,0.1,1.0,0.1818181818181818,0.9271578025397303,1,9,0,0.1,1.0,0.1818181818181818,0.9271578025397303,0,0,0,0.0,0.0,0.0,0,0,0,0.0,0.0,0.0,Q4-large
Visual Genome,2328070,20,4,12,0,15,389,30,389,419,226,0,0,30,0.0186667400000146,0.0214890869999635,0.0,0.0214890869999635,0.0220550470000375,0.040722297000002,Optimal,0,none,12.345642237180757,0,46,100.0,100.0,100.0,2.0,2,13,2,0.1333333333333333,0.5,0.2105263157894737,0.6292557789268508,2,13,2,0.1333333333333333,0.5,0.2105263157894737,0.6292557789268508,2,13,2,0.1333333333333333,0.5,0.2105263157894737,0.6292557789268508,0,0,0,0.0,0.0,0.0,0,0,0,0.0,0.0,0.0,Q4-large
Visual Genome,2389025,2,0,1,0,30,1671,60,1671,1731,901,0,0,60,0.0229812279999919,0.0704214639999918,0.0,0.0704214639999918,0.0721760140000356,0.0951578539999786,Optimal,0,none,24.15779378574524,0,91,100.0,100.0,100.0,2.0,0,30,0,0.0,0.0,0.0,0.0,0,30,0,0.0,0.0,0.0,0.0,0,30,0,0.0,0.0,0.0,0.0,0,0,0,0.0,0.0,0.0,0,0,0,0.0,0.0,0.0,Q4-large
