dataset,image_id,size_quartile,n_objects,n_relation_candidates,n_binary_variables_step3b,n_constraints_step3b,reference_status,reference_objective,reference_time_s,repair_objective,repair_time_s,objective_loss_pct,repair_violations,repair_constraint_compliance_pct,reference_selected_relations,repair_selected_relations
COCO,11813,Q1-small,0,0,0,0,Optimal,,0.0052638150000348105,0.0,1.6243000118265627e-05,,0,100.0,0,0
COCO,263796,Q1-small,1,0,2,1,Optimal,0.39580103556315105,0.0062775639999017585,0.39580103556315105,1.3062000107311178e-05,0.0,0,100.0,0,0
COCO,520301,Q1-small,1,0,2,1,Optimal,0.6055704275767009,0.006607905999999275,0.6055704275767009,1.535199999125325e-05,0.0,0,100.0,0,0
COCO,530099,Q1-small,2,2,6,5,Optimal,1.2064426692326866,0.00738977200012414,1.2064426692326866,2.812000002450077e-05,0.0,0,100.0,2,2
COCO,21503,Q1-small,2,4,8,5,Optimal,1.2043727548917138,0.007521905999965384,1.2043727548917138,2.8430999918782618e-05,0.0,0,100.0,2,2
COCO,221291,Q2,2,4,8,5,Optimal,1.5471529277165734,0.007241647999990164,1.5471529277165734,2.565999989201373e-05,0.0,0,100.0,2,2
COCO,95786,Q2,2,4,8,5,Optimal,1.5401619466145835,0.007279392000100415,1.5401619466145835,2.8161000045656692e-05,0.0,0,100.0,2,2
COCO,504711,Q2,3,9,15,10,Optimal,2.5920395326614387,0.007337404999816499,2.5920395326614387,3.4894000009444426e-05,0.0,0,100.0,6,6
COCO,113235,Q2,3,12,18,10,Optimal,2.6186755275726328,0.007914626999991015,2.6186755275726328,3.869400006806245e-05,0.0,0,100.0,6,6
COCO,177935,Q2,3,14,20,10,Optimal,2.355235514640809,0.0074774889999389416,2.355235514640809,3.825700014203903e-05,0.0,0,100.0,6,6
COCO,560279,Q3,3,14,20,10,Optimal,2.468518674373627,0.007171406999987084,2.4685186743736267,3.672399998322362e-05,1.7990109390715782e-14,0,100.0,6,6
COCO,319721,Q3,4,24,32,17,Optimal,3.464929092612628,0.008098745999859602,3.464929092612628,4.124199995203526e-05,0.0,0,100.0,8,8
COCO,15079,Q3,5,36,46,26,Optimal,3.9852503784497593,0.009091764000004332,3.9852503784497593,5.6097999959092704e-05,0.0,0,100.0,10,10
COCO,541055,Q3,6,49,61,37,Optimal,5.313911931514741,0.009975405999966824,5.313911931514741,6.824000001870445e-05,0.0,0,100.0,12,12
COCO,507223,Q3,7,74,88,50,Optimal,5.863958329359693,0.011023613999896043,5.863958329359693,8.756000011089782e-05,0.0,0,100.0,14,14
COCO,125062,Q4-large,7,76,90,50,Optimal,5.698517105190424,0.011216975000024831,5.698517105190423,8.520299979863921e-05,1.558613237979296e-14,0,100.0,14,14
COCO,295231,Q4-large,8,106,122,65,Optimal,6.429612266146581,0.012062453999988065,6.429612266146581,9.368800010634004e-05,0.0,0,100.0,16,16
COCO,226903,Q4-large,10,170,190,101,Optimal,7.474788217100894,0.014813620000040828,7.474788217100894,0.00016374799997720402,0.0,0,100.0,20,20
COCO,518770,Q4-large,13,285,311,170,Optimal,10.676603817145033,0.020284116999846447,10.676603817145034,0.00025933599999916623,-1.6637845421853027e-14,0,100.0,26,26
COCO,238866,Q4-large,30,1685,1745,901,Optimal,26.308433117634486,0.08321341500004564,26.308433117634486,0.0011437190000833652,0.0,0,100.0,60,60
Open Images,020c7b8e6d605069,Q1-small,0,0,0,0,Optimal,,0.005668947999993179,0.0,2.020600004470907e-05,,0,100.0,0,0
Open Images,408209a5977369e8,Q1-small,1,0,2,1,Optimal,0.6049686829249064,0.006852765000076033,0.6049686829249064,1.2885000160167692e-05,0.0,0,100.0,0,0
Open Images,99b2f15e3e4a9d13,Q1-small,1,0,2,1,Optimal,0.4483798662821452,0.006419817000050898,0.4483798662821452,1.170999985333765e-05,0.0,0,100.0,0,0
Open Images,10cae64b8b77b511,Q1-small,2,2,6,5,Optimal,1.3695692308743794,0.006963674999951763,1.3695692308743794,2.1848999949725112e-05,0.0,0,100.0,2,2
Open Images,ecbbb807ff44e14d,Q1-small,2,2,6,5,Optimal,1.335732234319051,0.0071921250000741566,1.335732234319051,4.2347000089648645e-05,0.0,0,100.0,2,2
Open Images,13ffeb4fec0d2c49,Q2,2,3,7,5,Optimal,1.539178613026937,0.007154540999863457,1.539178613026937,2.3299000076804077e-05,0.0,0,100.0,2,2
Open Images,7b072d084f4d3198,Q2,2,4,8,5,Optimal,1.3799689420064287,0.007130792999987534,1.3799689420064287,2.144099994438875e-05,0.0,0,100.0,2,2
Open Images,ffddf3805faf3cbf,Q2,2,5,9,5,Optimal,1.4386638641756795,0.0072539429997959815,1.4386638641756795,2.7770000087912194e-05,0.0,0,100.0,2,2
Open Images,6bff678ea2346ac5,Q2,3,10,16,10,Optimal,2.4265388894081115,0.007473421999975471,2.4265388894081124,3.591600011532137e-05,-3.66026863850005e-14,0,100.0,6,6
Open Images,988888b4794b2981,Q2,3,12,18,10,Optimal,2.3341024589538577,0.007179431000167824,2.334102458953858,3.525599981912819e-05,-1.9026123216934656e-14,0,100.0,6,6
Open Images,a8b14d4a442bf4a8,Q3,3,12,18,10,Optimal,2.4438623499870307,0.007256255999891437,2.443862349987031,3.497800003060547e-05,-1.817161305555607e-14,0,100.0,6,6
Open Images,c10217d15b7b93a5,Q3,4,18,26,17,Optimal,3.6324670855204273,0.008183133999864367,3.6324670855204273,4.244799993102788e-05,0.0,0,100.0,8,8
Open Images,0d16c88ec322340f,Q3,4,24,32,17,Optimal,3.3592860428492237,0.008275566000065737,3.3592860428492237,5.692399986401142e-05,0.0,0,100.0,8,8
Open Images,c4a79ad7987f24b9,Q3,5,34,44,26,Optimal,4.087061115105948,0.009205631999975594,4.087061115105948,6.575699990207795e-05,0.0,0,100.0,10,10
Open Images,7d4c46b89378b7dc,Q3,6,51,63,37,Optimal,5.433702051639559,0.00919738899983713,5.433702051639559,8.886199998414668e-05,0.0,0,100.0,12,12
Open Images,c864c741b7fa44f4,Q4-large,6,53,65,37,Optimal,5.222564690113069,0.009588656999994782,5.222564690113069,6.702899986521516e-05,0.0,0,100.0,12,12
Open Images,6022a450df278025,Q4-large,7,84,98,50,Optimal,6.004609479793197,0.011160157999938747,6.004609479793197,0.00010271099995406985,0.0,0,100.0,14,14
Open Images,c7a6a5f2a8f674ce,Q4-large,10,155,175,101,Optimal,8.8439592757571,0.01504046699983519,8.8439592757571,0.00014897599999130762,0.0,0,100.0,20,20
Open Images,df0179678dcd6762,Q4-large,14,365,393,197,Optimal,11.706070436225621,0.022465341000042827,11.706070436225625,0.0003109720000793459,-3.034932771125542e-14,0,100.0,28,28
Open Images,6c8dafac9ee9d86e,Q4-large,29,1557,1615,842,Optimal,23.76828590882201,0.07398633499997231,23.768285908821998,0.0015120200000637851,4.484185808470753e-14,0,100.0,58,58
Visual Genome,2335564,Q1-small,0,0,0,0,Optimal,,0.0056021679999958,0.0,1.6920000007303315e-05,,0,100.0,0,0
Visual Genome,2335066,Q1-small,1,0,2,1,Optimal,0.6264131943384806,0.006915099000025293,0.6264131943384806,1.4949000160413561e-05,0.0,0,100.0,0,0
Visual Genome,2375655,Q1-small,1,0,2,1,Optimal,0.6020429293314615,0.006296201000168367,0.6020429293314615,1.196600010189286e-05,0.0,0,100.0,0,0
Visual Genome,2413992,Q1-small,1,0,2,1,Optimal,0.543680230776469,0.005920208000134153,0.543680230776469,1.1926000070161535e-05,0.0,0,100.0,0,0
Visual Genome,2398459,Q1-small,2,2,6,5,Optimal,1.493108738263448,0.006811795999965398,1.493108738263448,2.2563999891644926e-05,0.0,0,100.0,2,2
Visual Genome,2404039,Q2,2,2,6,5,Optimal,1.4613645442326861,0.006782173999908991,1.4613645442326861,2.302900020367815e-05,0.0,0,100.0,2,2
Visual Genome,2394145,Q2,2,4,8,5,Optimal,1.4575288565953577,0.0070558259999415895,1.4575288565953577,2.5291000156357768e-05,0.0,0,100.0,2,2
Visual Genome,2365681,Q2,2,6,10,5,Optimal,1.357275870641073,0.007139993999999206,1.357275870641073,2.763099996627716e-05,0.0,0,100.0,2,2
Visual Genome,2401798,Q2,3,10,16,10,Optimal,2.583794279098511,0.007126466000045184,2.5837942790985116,3.165100019941747e-05,-1.7187483285434235e-14,0,100.0,6,6
Visual Genome,2346611,Q2,4,16,24,17,Optimal,3.25665333340208,0.008229662000076132,3.25665333340208,4.041500005769194e-05,0.0,0,100.0,8,8
Visual Genome,2361514,Q3,4,16,24,17,Optimal,3.24284409985279,0.008548361999828558,3.24284409985279,3.9167000068118796e-05,0.0,0,100.0,8,8
Visual Genome,2413274,Q3,4,22,30,17,Optimal,3.3211542812983206,0.008665898000117522,3.3211542812983206,4.705199989984976e-05,0.0,0,100.0,8,8
Visual Genome,2328345,Q3,5,32,42,26,Optimal,3.966554582913718,0.010687370999903578,3.966554582913718,5.728699989049346e-05,0.0,0,100.0,10,10
Visual Genome,2318583,Q3,5,42,52,26,Optimal,3.894055663233259,0.008960466999951677,3.894055663233259,5.9329000123398146e-05,0.0,0,100.0,10,10
Visual Genome,2413953,Q3,7,66,80,50,Optimal,5.266627854506177,0.009903856999926575,5.266627854506177,7.187899996097258e-05,0.0,0,100.0,14,14
Visual Genome,2373324,Q4-large,7,73,87,50,Optimal,5.9798932003557494,0.009821673000033115,5.9798932003557494,6.829900007687684e-05,0.0,0,100.0,14,14
Visual Genome,2377681,Q4-large,8,109,125,65,Optimal,6.891861604060166,0.01146098100002746,6.891861604060166,0.00012013500008833944,0.0,0,100.0,16,16
Visual Genome,2387453,Q4-large,10,170,190,101,Optimal,8.792570515245602,0.015941797000095903,8.792570515245602,0.0001512410001396347,0.0,0,100.0,20,20
Visual Genome,2328070,Q4-large,15,389,419,226,Optimal,12.345642237180755,0.024699321000070995,12.345642237180757,0.0003439069998876221,-1.4388533259537404e-14,0,100.0,30,30
Visual Genome,2389025,Q4-large,30,1671,1731,901,Optimal,24.157793785745238,0.09076012500008801,24.15779378574524,0.001946529999941049,-1.470628365449848e-14,0,100.0,60,60
