dataset,condition,level,seeds,label_f1_mean,label_f1_std,relation_f1_mean,relation_f1_std,reference_violations_per_image_mean,reference_violations_per_image_std,reference_compliance_mean_pct,reference_compliance_std_pct,label_changes_mean,relation_changes_mean,fallback_count_mean,solver_time_mean_s
COCO,baseline,0.0,1,0.5737051792828686,,0.0,,0.0,,100.0,,0.0,0.0,0.0,0.009415198323998944
COCO,erroneous,0.05,3,0.5737051792828686,0.0,0.0,0.0,0.0,0.0,100.0,0.0,0.0,1591.0,0.0,0.009019872892667943
COCO,erroneous,0.1,3,0.5737051792828686,0.0,0.0,0.0,0.0,0.0,100.0,0.0,0.0,1021.3333333333334,0.0,0.008544176289326919
COCO,missing,0.1,3,0.5737051792828686,0.0,0.0,0.0,0.0,0.0,100.0,0.0,0.0,0.0,0.0,0.008468231779327602
COCO,missing,0.2,3,0.5737051792828686,0.0,0.0,0.0,0.0,0.0,100.0,0.0,0.0,0.0,0.0,0.008303819694660838
COCO,missing,0.3,3,0.5737051792828686,0.0,0.0,0.0,0.0,0.0,100.0,0.0,0.0,0.0,0.0,0.008295856093998992
Open Images,baseline,0.0,1,0.2221012520413718,,0.0,,0.0,,100.0,,0.0,0.0,0.0,0.009115164743357078
Open Images,erroneous,0.05,3,0.2221012520413718,0.0,0.0,0.0,0.0,0.0,100.0,0.0,0.0,928.6666666666666,0.0,0.009658446948902616
Open Images,erroneous,0.1,3,0.2221012520413718,0.0,0.0,0.0,0.0,0.0,100.0,0.0,0.0,486.0,0.0,0.00925043128443824
Open Images,missing,0.1,3,0.2221012520413718,0.0,0.0,0.0,0.0,0.0,100.0,0.0,0.0,0.0,0.0,0.008570984442216642
Open Images,missing,0.2,3,0.2221012520413718,0.0,0.0,0.0,0.0,0.0,100.0,0.0,0.0,0.0,0.0,0.00852314367555002
Open Images,missing,0.3,3,0.2221012520413718,0.0,0.0,0.0,0.0,0.0,100.0,0.0,0.0,0.0,0.0,0.008544485427780931
Visual Genome,baseline,0.0,1,0.2680722891566265,,0.0,,0.0,,100.0,,0.0,0.0,0.0,0.010689805674999157
Visual Genome,erroneous,0.05,3,0.2680722891566265,0.0,0.0,0.0,0.0,0.0,100.0,0.0,0.0,1377.3333333333333,0.0,0.00962273505833759
Visual Genome,erroneous,0.1,3,0.2680722891566265,0.0,0.0,0.0,0.0,0.0,100.0,0.0,0.0,890.6666666666666,0.0,0.008811049036668567
Visual Genome,missing,0.1,3,0.2680722891566265,0.0,0.0,0.0,0.0,0.0,100.0,0.0,0.0,0.0,0.0,0.00918216514166218
Visual Genome,missing,0.2,3,0.2680722891566265,0.0,0.0,0.0,0.0,0.0,100.0,0.0,0.0,0.0,0.0,0.009253273449997197
Visual Genome,missing,0.3,3,0.2680722891566265,0.0,0.0,0.0,0.0,0.0,100.0,0.0,0.0,0.0,0.0,0.008964468561663682
