dataset,condition,level,seed,n_images,label_precision_micro,label_recall_micro,label_f1_micro,relation_precision_micro,relation_recall_micro,relation_f1_micro,reference_violations_total,reference_violations_per_image,reference_compliance_mean_pct,label_changes_total,relation_changes_total,fallback_count,solver_time_mean_s
COCO,baseline,0.0,42,500,0.6859865025803891,0.49300998573466476,0.5737051792828686,0.0,0.0,0.0,0,0.0,100.0,0,0,0,0.009415198323998944
COCO,erroneous,0.05,42,500,0.6859865025803891,0.49300998573466476,0.5737051792828686,0.0,0.0,0.0,0,0.0,100.0,0,4773,0,0.010550327538001465
COCO,erroneous,0.05,123,500,0.6859865025803891,0.49300998573466476,0.5737051792828686,0.0,0.0,0.0,0,0.0,100.0,0,0,0,0.008253597095998835
COCO,erroneous,0.05,2025,500,0.6859865025803891,0.49300998573466476,0.5737051792828686,0.0,0.0,0.0,0,0.0,100.0,0,0,0,0.00825569404400353
COCO,erroneous,0.1,42,500,0.6859865025803891,0.49300998573466476,0.5737051792828686,0.0,0.0,0.0,0,0.0,100.0,0,0,0,0.00884820347598447
COCO,erroneous,0.1,123,500,0.6859865025803891,0.49300998573466476,0.5737051792828686,0.0,0.0,0.0,0,0.0,100.0,0,1532,0,0.00838304237799361
COCO,erroneous,0.1,2025,500,0.6859865025803891,0.49300998573466476,0.5737051792828686,0.0,0.0,0.0,0,0.0,100.0,0,1532,0,0.00840128301400268
COCO,missing,0.1,42,500,0.6859865025803891,0.49300998573466476,0.5737051792828686,0.0,0.0,0.0,0,0.0,100.0,0,0,0,0.008646210079997168
COCO,missing,0.1,123,500,0.6859865025803891,0.49300998573466476,0.5737051792828686,0.0,0.0,0.0,0,0.0,100.0,0,0,0,0.008428128539988342
COCO,missing,0.1,2025,500,0.6859865025803891,0.49300998573466476,0.5737051792828686,0.0,0.0,0.0,0,0.0,100.0,0,0,0,0.008330356717997298
COCO,missing,0.2,42,500,0.6859865025803891,0.49300998573466476,0.5737051792828686,0.0,0.0,0.0,0,0.0,100.0,0,0,0,0.008322299793996485
COCO,missing,0.2,123,500,0.6859865025803891,0.49300998573466476,0.5737051792828686,0.0,0.0,0.0,0,0.0,100.0,0,0,0,0.008313203583988928
COCO,missing,0.2,2025,500,0.6859865025803891,0.49300998573466476,0.5737051792828686,0.0,0.0,0.0,0,0.0,100.0,0,0,0,0.008275955705997099
COCO,missing,0.3,42,500,0.6859865025803891,0.49300998573466476,0.5737051792828686,0.0,0.0,0.0,0,0.0,100.0,0,0,0,0.008303206243986047
COCO,missing,0.3,123,500,0.6859865025803891,0.49300998573466476,0.5737051792828686,0.0,0.0,0.0,0,0.0,100.0,0,0,0,0.008293265028002629
COCO,missing,0.3,2025,500,0.6859865025803891,0.49300998573466476,0.5737051792828686,0.0,0.0,0.0,0,0.0,100.0,0,0,0,0.008291097010008295
Open Images,baseline,0.0,42,300,0.1421602787456446,0.5074626865671642,0.2221012520413718,0.0,0.0,0.0,0,0.0,100.0,0,0,0,0.009115164743357078
Open Images,erroneous,0.05,42,300,0.1421602787456446,0.5074626865671642,0.2221012520413718,0.0,0.0,0.0,0,0.0,100.0,0,2786,0,0.011027091110008722
Open Images,erroneous,0.05,123,300,0.1421602787456446,0.5074626865671642,0.2221012520413718,0.0,0.0,0.0,0,0.0,100.0,0,0,0,0.009493054316690126
Open Images,erroneous,0.05,2025,300,0.1421602787456446,0.5074626865671642,0.2221012520413718,0.0,0.0,0.0,0,0.0,100.0,0,0,0,0.008455195420009
Open Images,erroneous,0.1,42,300,0.1421602787456446,0.5074626865671642,0.2221012520413718,0.0,0.0,0.0,0,0.0,100.0,0,0,0,0.010439443806661331
Open Images,erroneous,0.1,123,300,0.1421602787456446,0.5074626865671642,0.2221012520413718,0.0,0.0,0.0,0,0.0,100.0,0,729,0,0.008642834169991096
Open Images,erroneous,0.1,2025,300,0.1421602787456446,0.5074626865671642,0.2221012520413718,0.0,0.0,0.0,0,0.0,100.0,0,729,0,0.008669015876662294
Open Images,missing,0.1,42,300,0.1421602787456446,0.5074626865671642,0.2221012520413718,0.0,0.0,0.0,0,0.0,100.0,0,0,0,0.008641571726658744
Open Images,missing,0.1,123,300,0.1421602787456446,0.5074626865671642,0.2221012520413718,0.0,0.0,0.0,0,0.0,100.0,0,0,0,0.008554862859996272
Open Images,missing,0.1,2025,300,0.1421602787456446,0.5074626865671642,0.2221012520413718,0.0,0.0,0.0,0,0.0,100.0,0,0,0,0.00851651873999491
Open Images,missing,0.2,42,300,0.1421602787456446,0.5074626865671642,0.2221012520413718,0.0,0.0,0.0,0,0.0,100.0,0,0,0,0.008514265763328643
Open Images,missing,0.2,123,300,0.1421602787456446,0.5074626865671642,0.2221012520413718,0.0,0.0,0.0,0,0.0,100.0,0,0,0,0.008531587813310227
Open Images,missing,0.2,2025,300,0.1421602787456446,0.5074626865671642,0.2221012520413718,0.0,0.0,0.0,0,0.0,100.0,0,0,0,0.00852357745001119
Open Images,missing,0.3,42,300,0.1421602787456446,0.5074626865671642,0.2221012520413718,0.0,0.0,0.0,0,0.0,100.0,0,0,0,0.008542709773329639
Open Images,missing,0.3,123,300,0.1421602787456446,0.5074626865671642,0.2221012520413718,0.0,0.0,0.0,0,0.0,100.0,0,0,0,0.008520148433350746
Open Images,missing,0.3,2025,300,0.1421602787456446,0.5074626865671642,0.2221012520413718,0.0,0.0,0.0,0,0.0,100.0,0,0,0,0.00857059807666241
Visual Genome,baseline,0.0,42,400,0.17131857555341676,0.615916955017301,0.2680722891566265,0.0,0.0,0.0,0,0.0,100.0,0,0,0,0.010689805674999157
Visual Genome,erroneous,0.05,42,400,0.17131857555341676,0.615916955017301,0.2680722891566265,0.0,0.0,0.0,0,0.0,100.0,0,4132,0,0.011456764189998645
Visual Genome,erroneous,0.05,123,400,0.17131857555341676,0.615916955017301,0.2680722891566265,0.0,0.0,0.0,0,0.0,100.0,0,0,0,0.008729232079990603
Visual Genome,erroneous,0.05,2025,400,0.17131857555341676,0.615916955017301,0.2680722891566265,0.0,0.0,0.0,0,0.0,100.0,0,0,0,0.008682208905023522
Visual Genome,erroneous,0.1,42,400,0.17131857555341676,0.615916955017301,0.2680722891566265,0.0,0.0,0.0,0,0.0,100.0,0,0,0,0.008728924832505479
Visual Genome,erroneous,0.1,123,400,0.17131857555341676,0.615916955017301,0.2680722891566265,0.0,0.0,0.0,0,0.0,100.0,0,1336,0,0.00887597257999227
Visual Genome,erroneous,0.1,2025,400,0.17131857555341676,0.615916955017301,0.2680722891566265,0.0,0.0,0.0,0,0.0,100.0,0,1336,0,0.008828249697507952
Visual Genome,missing,0.1,42,400,0.17131857555341676,0.615916955017301,0.2680722891566265,0.0,0.0,0.0,0,0.0,100.0,0,0,0,0.009102521022487002
Visual Genome,missing,0.1,123,400,0.17131857555341676,0.615916955017301,0.2680722891566265,0.0,0.0,0.0,0,0.0,100.0,0,0,0,0.008928136069999886
Visual Genome,missing,0.1,2025,400,0.17131857555341676,0.615916955017301,0.2680722891566265,0.0,0.0,0.0,0,0.0,100.0,0,0,0,0.009515838332499648
Visual Genome,missing,0.2,42,400,0.17131857555341676,0.615916955017301,0.2680722891566265,0.0,0.0,0.0,0,0.0,100.0,0,0,0,0.008797706352505605
Visual Genome,missing,0.2,123,400,0.17131857555341676,0.615916955017301,0.2680722891566265,0.0,0.0,0.0,0,0.0,100.0,0,0,0,0.010235768240009926
Visual Genome,missing,0.2,2025,400,0.17131857555341676,0.615916955017301,0.2680722891566265,0.0,0.0,0.0,0,0.0,100.0,0,0,0,0.008726345757476061
Visual Genome,missing,0.3,42,400,0.17131857555341676,0.615916955017301,0.2680722891566265,0.0,0.0,0.0,0,0.0,100.0,0,0,0,0.008737900305006811
Visual Genome,missing,0.3,123,400,0.17131857555341676,0.615916955017301,0.2680722891566265,0.0,0.0,0.0,0,0.0,100.0,0,0,0,0.008703571887491485
Visual Genome,missing,0.3,2025,400,0.17131857555341676,0.615916955017301,0.2680722891566265,0.0,0.0,0.0,0,0.0,100.0,0,0,0,0.00945193349249275
